Časovni žig, Koliko ste stari? (How old are you?), Na kateri fakulteti študirate? (At which faculty do you study?),Kateri študijski program obiskujete? (Which study program are you enrolled in?),Kateri letnik ste? (Which year of study are you in?),Kateri študijski program obiskujete? (Which study program are you enrolled in?),Kateri letnik ste? (Which year of study are you in?),Kateri študijski program obiskujete? (Which study program are you enrolled in?),Kateri letnik ste? (Which year of study are you in?),Kateri študijski program obiskujete? (Which study program are you enrolled in?),Kateri letnik ste? (Which year of study are you in?),Katere znamke telefon imate? (What brand of phone do you have?),Vnesite znamko telefona. (Enter your phone brand.),Kateri model telefona imate? (What model of phone do you have?),Kolikšna je bila cena telefona ob nakupu? (What was the price of the phone when you bought it?),Kdaj ste telefon kupili? (When did you buy your phone?),Kdaj imate namen telefon zamenjati? (When do you plan to replace your phone?),Zakaj ga imate namen zamenjati? (Why do you plan to replace it?),Kam ga boste dali po zamenjavi? (What will you do with it after replacement?),Zakaj ste zamenjali prejšnji telefon? (Why did you replace your previous phone?),Kam ste prejšnji telefon dali/odvrgli? (What did you do with your previous phone?), Dodatne informacije, ki bi jih želeli deliti (npr. zamenjal bom baterijo in telefon še naprej uporabljal, …)
(Additional information you would like to share — e.g., I will replace the battery and continue using the phone)
2025/11/04 12:13:27 pop. GMT +1,22,Fakulteta za matematiko in fiziko (Faculty of Mathematics and Physics) UL,,,,,Univerzitetni študijski program FIZIKA (University Study Program PHYSICS),2. letnik (2nd year),,,Samsung,,Samsung Galaxy A52s 5G,Do 200 € (Up to €200),Pred 4 leti (2021) (4 years ago - 2021),V naslednjem letu (In the next year),Želim novejši model (I want a newer model),Obdržal_a ga bom kot rezervni telefon (Keep it as a backup phone),Želel_a sem novejši model (Wanted a newer model),Obdržal_a kot rezervni telefon (Kept it as a backup phone),/
2025/11/04 12:20:08 pop. GMT +1,21,Fakulteta za matematiko in fiziko (Faculty of Mathematics and Physics) UL,,,,,Univerzitetni študijski program FIZIKA (University Study Program PHYSICS),2. letnik (2nd year),,,Oneplus,,Nord 10 5G,200–400 € (€200–400),Pred 3 leti (2022) (3 years ago - 2022),Čez 3 leta (In 3 years),Želim novejši model (I want a newer model),Obdržal_a ga bom kot rezervni telefon (Keep it as a backup phone),"Poškodba (Damage - screen, water, etc.)",Obdržal_a kot rezervni telefon (Kept it as a backup phone),Zares nočem zamenjat telefona in ga bom imela dokler bo dihal...in potem bom verjetno ostala na oneplusu ali pa gem na google
2025/11/04 12:22:25 pop. GMT +1,22,Fakulteta za matematiko in fiziko (Faculty of Mathematics and Physics) UL,,,,,Magistrski študijski program FIZIKA (Master’s Study Program PHYSICS),1. letnik (1st year),,,Samsung,,Galaxy S22+,Ne vem / prejel_a sem ga kot darilo (I don’t know / received it as a gift),Pred 2 leti (2023) (2 years ago - 2023),"Nimam namena ga zamenjati, dokler deluje (I don’t plan to replace it as long as it works)",Poškodbe (Damage),Obdržal_a ga bom kot rezervni telefon (Keep it as a backup phone),Želel_a sem novejši model (Wanted a newer model),Obdržal_a kot rezervni telefon (Kept it as a backup phone),
2025/11/04 12:25:28 pop. GMT +1,22,Fakulteta za matematiko in fiziko (Faculty of Mathematics and Physics) UL,,,,,,1. letnik podiplomski (1st year postgraduate),,,Apple,,Iphone 13,400–600 € (€400–600),Pred 3 leti (2022) (3 years ago - 2022),"Nimam namena ga zamenjati, dokler deluje (I don’t plan to replace it as long as it works)",Poškodbe (Damage),Ne vem še (Not sure yet),Pokvaril se je (It broke down),Zavrgel_a (Discarded it),
2025/11/04 12:33:09 pop. GMT +1,22,Fakulteta za matematiko in fiziko (Faculty of Mathematics and Physics) UL,,,,,Univerzitetni študijski program FIZIKA (University Study Program PHYSICS),3. letnik (3rd year),,,Samsung,,Samsung Galaxy A51,200–400 € (€200–400),Pred 5 leti (2020) (5 years ago - 2020),V naslednjem letu (In the next year),Slaba baterija in starost,Obdržal_a ga bom kot rezervni telefon (Keep it as a backup phone),Zastarelost,Obdržal_a kot rezervni telefon (Kept it as a backup phone),
2025/11/04 12:33:36 pop. GMT +1,21,Fakulteta za računalništvo in informatiko (Faculty of Computer and Information Science) UL,,,,,,,"Računalništvo in informatika, visokošolski program (Computer Science and Informatics, higher professional program)",3. letnik (3rd year),Apple,,16 pro max,600–800 € (€600–800),Letos (2025) (This year - 2025),Čez 2 leti (In 2 years),Stari telefon dam mami,Podaril_a družinskemu članu / prijatelju (Give it to a family member/friend),Operaterjeva ponudba (Operator offer),Podaril_a (Gave it away),
2025/11/04 12:34:06 pop. GMT +1,22,Fakulteta za matematiko in fiziko (Faculty of Mathematics and Physics) UL,,,,,Univerzitetni študijski program FIZIKA (University Study Program PHYSICS),2. letnik (2nd year),,,Samsung,,SM-A546B/DS,200–400 € (€200–400),Pred 2 leti (2023) (2 years ago - 2023),"Nimam namena ga zamenjati, dokler deluje (I don’t plan to replace it as long as it works)",,Ne vem še (Not sure yet),Pokvaril se je (It broke down),"nekam dal, ne vem kam","https://youtu.be/0rlS80hRIVQ
it's not a rickroll, that song's link is https://youtu.be/dQw4w9WgXcQ"
2025/11/04 12:38:28 pop. GMT +1,21,Fakulteta za matematiko in fiziko (Faculty of Mathematics and Physics) UL,,,,,Univerzitetni študijski program FIZIKA (University Study Program PHYSICS),3. letnik (3rd year),,,Xiaomi,,Redmi note 14,Do 200 € (Up to €200),Letos (2025) (This year - 2025),"Nimam namena ga zamenjati, dokler deluje (I don’t plan to replace it as long as it works)",Poškodbe (Damage),Obdržal_a ga bom kot rezervni telefon (Keep it as a backup phone),"Poškodba (Damage - screen, water, etc.)",Obdržal_a kot rezervni telefon (Kept it as a backup phone),
2025/11/04 12:39:51 pop. GMT +1,21,Fakulteta za matematiko in fiziko (Faculty of Mathematics and Physics) UL,,,,,Univerzitetni študijski program FIZIKA (University Study Program PHYSICS),2. letnik (2nd year),,,Xiaomi,,Note 9 Pro ,200–400 € (€200–400),Pred 5 leti (2020) (5 years ago - 2020),Čez 2 leti (In 2 years),Počasno delovanje / zastarelost (Slow or outdated performance),Obdržal_a ga bom kot rezervni telefon (Keep it as a backup phone),Počasno delovanje,Obdržal_a kot rezervni telefon (Kept it as a backup phone),
2025/11/04 12:40:12 pop. GMT +1,24,Fakulteta za matematiko in fiziko (Faculty of Mathematics and Physics) UL,,,,,Magistrski študijski program PEDAGOŠKA FIZIKA (Master’s Study Program EDUCATIONAL PHYSICS),Absolvent po 2. letniku,,,Samsung,,A54,400–600 € (€400–600),Pred 2 leti (2023) (2 years ago - 2023),"Nimam namena ga zamenjati, dokler deluje (I don’t plan to replace it as long as it works)",Slaba baterija (Poor battery performance),Obdržal_a ga bom kot rezervni telefon (Keep it as a backup phone),Nezanesljivo delovanje,Obdržal kot off-line predvajalnik glasbe,"Že preventivno uporabljam nastavitve, ki naj bi podaljšale življenjsko dobo (npr. polnjenje le do 80 %), podobno prilagajam tudi uporabo.

Pri prejšnjem telefonu je bila za kriva kombinacija faktorjev (nezanesljivo delovanje, premalo vgrajene shrambe za vse uporabljane aplikacije, počasno delovanje)."
2025/11/04 12:41:51 pop. GMT +1,19,Fakulteta za matematiko in fiziko (Faculty of Mathematics and Physics) UL,,,,,Univerzitetni študijski program FIZIKA (University Study Program PHYSICS),1. letnik (1st year),,,Samsung,,Samsung galaxy note 10+,Ne vem / prejel_a sem ga kot darilo (I don’t know / received it as a gift),Pred več kot 5 leti (More than 5 years ago),"Nimam namena ga zamenjati, dokler deluje (I don’t plan to replace it as long as it works)",Počasno delovanje / zastarelost (Slow or outdated performance),Ne vem še (Not sure yet),Slaba baterija (Poor battery performance),Podaril_a (Gave it away),Iskreno mi je uredu imeti isti telefon dokler je uporaben:)
2025/11/04 12:45:18 pop. GMT +1,22,Fakulteta za računalništvo in informatiko (Faculty of Computer and Information Science) UL,,,,,,,"Računalništvo in matematika, univerzitetni interdisciplinarni program (Computer Science and Mathematics, university interdisciplinary program)",3. letnik (3rd year),Samsung,,Galaxy A52 5G,200–400 € (€200–400),Pred 4 leti (2021) (4 years ago - 2021),V naslednjih 6 mesecih (In the next 6 months),Poškodbe (Damage),Oddal_a v reciklažo / zbirni center (Recycle / take to collection center),Želel_a sem novejši model (Wanted a newer model),Ne vem (I don’t know),
2025/11/04 12:45:24 pop. GMT +1,20,Fakulteta za matematiko in fiziko (Faculty of Mathematics and Physics) UL,,,,,Univerzitetni študijski program FIZIKA (University Study Program PHYSICS),1. letnik (1st year),,,Drugo (Other),Sony,Sony,Do 200 € (Up to €200),Pred več kot 5 leti (More than 5 years ago),"Nimam namena ga zamenjati, dokler deluje (I don’t plan to replace it as long as it works)",Počasno delovanje / zastarelost (Slow or outdated performance),Obdržal_a ga bom kot rezervni telefon (Keep it as a backup phone),"Poškodba (Damage - screen, water, etc.)",Podaril_a (Gave it away),
2025/11/04 1:00:15 pop. GMT +1,22,Fakulteta za matematiko in fiziko (Faculty of Mathematics and Physics) UL,,,,,Univerzitetni študijski program FIZIKA (University Study Program PHYSICS),2. letnik (2nd year),,,Apple,,15 pro,Nad 800 € (Over €800),Pred 2 leti (2023) (2 years ago - 2023),"Nimam namena ga zamenjati, dokler deluje (I don’t plan to replace it as long as it works)",Slaba baterija (Poor battery performance),Obdržal_a ga bom kot rezervni telefon (Keep it as a backup phone),Slaba baterija (Poor battery performance),Obdržal_a kot rezervni telefon (Kept it as a backup phone),
2025/11/04 1:01:20 pop. GMT +1,21,Fakulteta za matematiko in fiziko (Faculty of Mathematics and Physics) UL,,,,,,2. letnik (2nd year),,,Samsung,,Samsung A35,Ne vem / prejel_a sem ga kot darilo (I don’t know / received it as a gift),Lani (2024) (Last year - 2024),"Nimam namena ga zamenjati, dokler deluje (I don’t plan to replace it as long as it works)",Glej odgovor zgoraj,Obdržal_a ga bom kot rezervni telefon (Keep it as a backup phone),Slaba baterija (Poor battery performance),Obdržal_a kot rezervni telefon (Kept it as a backup phone),
2025/11/04 1:05:04 pop. GMT +1,22,Fakulteta za matematiko in fiziko (Faculty of Mathematics and Physics) UL,,,,,Univerzitetni študijski program MATEMATIKA (University Study Program MATHEMATICS),3. letnik (3rd year),,,Samsung,,Galaxy S,200–400 € (€200–400),Pred 4 leti (2021) (4 years ago - 2021),Čez 3 leta (In 3 years),Počasno delovanje / zastarelost (Slow or outdated performance),Obdržal_a ga bom kot rezervni telefon (Keep it as a backup phone),Slaba baterija (Poor battery performance),Obdržal_a kot rezervni telefon (Kept it as a backup phone),/
2025/11/04 1:09:43 pop. GMT +1,19,Fakulteta za matematiko in fiziko (Faculty of Mathematics and Physics) UL,,,,,Univerzitetni študijski program FIZIKA (University Study Program PHYSICS),1. letnik (1st year),,,Samsung,,A05s,Do 200 € (Up to €200),Pred 2 leti (2023) (2 years ago - 2023),"Nimam namena ga zamenjati, dokler deluje (I don’t plan to replace it as long as it works)",Poškodbe (Damage),Ne vem še (Not sure yet),Pokvaril se je (It broke down),Obdržal_a kot rezervni telefon (Kept it as a backup phone),
2025/11/04 1:09:56 pop. GMT +1,22,Fakulteta za matematiko in fiziko (Faculty of Mathematics and Physics) UL,,,,,Magistrski študijski program FIZIKA (Master’s Study Program PHYSICS),1. letnik podiplomski (1st year postgraduate),,,Samsung,,S22 Ultra,Nad 800 € (Over €800),Pred 3 leti (2022) (3 years ago - 2022),Čez 2 leti (In 2 years),Konec varnostnih posodobitev,Obdržal_a ga bom kot rezervni telefon (Keep it as a backup phone),"Poškodba (Damage - screen, water, etc.)",Obdržal_a kot rezervni telefon (Kept it as a backup phone),
2025/11/04 1:10:41 pop. GMT +1,23,Fakulteta za matematiko in fiziko (Faculty of Mathematics and Physics) UL,,,,,Univerzitetni študijski program FIZIKA (University Study Program PHYSICS),3. letnik (3rd year),,,Samsung,,S25,Ne vem / prejel_a sem ga kot darilo (I don’t know / received it as a gift),Letos (2025) (This year - 2025),Čez 5 leta (In 5 years),Želim novejši model (I want a newer model),Obdržal_a ga bom kot rezervni telefon (Keep it as a backup phone),Želel_a sem novejši model (Wanted a newer model),Obdržal_a kot rezervni telefon (Kept it as a backup phone),
2025/11/04 1:16:06 pop. GMT +1,19,Fakulteta za matematiko in fiziko (Faculty of Mathematics and Physics) UL,,,,,Univerzitetni študijski program FIZIKA (University Study Program PHYSICS),1. letnik (1st year),,,Samsung,,A12,Do 200 € (Up to €200),Pred 4 leti (2021) (4 years ago - 2021),"Nimam namena ga zamenjati, dokler deluje (I don’t plan to replace it as long as it works)",,,"Bil je zelo star, ni imel funkcij, ki sem jih potreboval.","Obdržal, bolj za spomin.",
2025/11/04 1:17:29 pop. GMT +1,24,Fakulteta za matematiko in fiziko (Faculty of Mathematics and Physics) UL,,,,,,,,,,,,,,,,,,,
2025/11/04 1:25:03 pop. GMT +1,19,Fakulteta za matematiko in fiziko (Faculty of Mathematics and Physics) UL,,,,,Univerzitetni študijski program FIZIKA (University Study Program PHYSICS),1. letnik (1st year),,,Google,,Google Pixel 7a,Do 200 € (Up to €200),Letos (2025) (This year - 2025),"Nimam namena ga zamenjati, dokler deluje (I don’t plan to replace it as long as it works)",Počasno delovanje / zastarelost (Slow or outdated performance),Ne vem še (Not sure yet),menjava OS na varnejšega,Prodal_a (Sold it),
2025/11/04 1:30:08 pop. GMT +1,22,Fakulteta za matematiko in fiziko (Faculty of Mathematics and Physics) UL,,,,,Univerzitetni študijski program FIZIKA (University Study Program PHYSICS),Absolvent (končujem 3.letnik),,,Samsung,,Samsung Galaxy A54,Ne vem / prejel_a sem ga kot darilo (I don’t know / received it as a gift),Pred 2 leti (2023) (2 years ago - 2023),"Nimam namena ga zamenjati, dokler deluje (I don’t plan to replace it as long as it works)",Slaba baterija (Poor battery performance),Ne vem še (Not sure yet),Dobila kot darilo nov telefon.,Obdržal_a kot rezervni telefon (Kept it as a backup phone),
2025/11/04 1:52:08 pop. GMT +1,20,Fakulteta za matematiko in fiziko (Faculty of Mathematics and Physics) UL,,,,,Univerzitetni študijski program FIZIKA (University Study Program PHYSICS),2. letnik (2nd year),,,Samsung,,Galaxy S22,Ne vem / prejel_a sem ga kot darilo (I don’t know / received it as a gift),Pred 2 leti (2023) (2 years ago - 2023),"Nimam namena ga zamenjati, dokler deluje (I don’t plan to replace it as long as it works)",Počasno delovanje / zastarelost (Slow or outdated performance),Obdržal_a ga bom kot rezervni telefon (Keep it as a backup phone),"Določene aplikacije so prenehala delovati, ker je bil prestar operacijski sistem in ni imel več posodobitev",Obdržal_a kot rezervni telefon (Kept it as a backup phone),
2025/11/04 1:53:39 pop. GMT +1,23,"Fakulteta za elektrotehniko, računalništvo in informatiko (Faculty of Electrical Engineering and Computer Science) UM",,,Računalništvo in informacijske tehnologije Mag (Computer and Information Technologies),,,,,,Samsung,,A56 5G,200–400 € (€200–400),Letos (2025) (This year - 2025),Čez 4 leta (In 4 years),Počasno delovanje / zastarelost (Slow or outdated performance),Obdržal_a ga bom kot rezervni telefon (Keep it as a backup phone),Pokvaril se je (It broke down),Obdržal_a kot rezervni telefon (Kept it as a backup phone),
2025/11/04 2:03:39 pop. GMT +1,23,Fakulteta za matematiko in fiziko (Faculty of Mathematics and Physics) UL,,,,,,2. letnik (2nd year),,,Xiaomi,,Redmi note 12 pro,200–400 € (€200–400),Pred 2 leti (2023) (2 years ago - 2023),Čez 2 leti (In 2 years),Počasno delovanje / zastarelost (Slow or outdated performance),Obdržal_a ga bom kot rezervni telefon (Keep it as a backup phone),Slaba baterija (Poor battery performance),Obdržal_a kot rezervni telefon (Kept it as a backup phone),
2025/11/04 2:06:05 pop. GMT +1,26+,Fakulteta za matematiko in fiziko (Faculty of Mathematics and Physics) UL,,,,,Interdisciplinarni magistrski študijski program RAČUNALNIŠTVO IN MATEMATIKA (Interdisciplinary Master’s Study Program COMPUTER SCIENCE AND MATHEMATICS),2. letnik (2nd year),,,Samsung,,Galaxy S21,Ne vem / prejel_a sem ga kot darilo (I don’t know / received it as a gift),Pred 3 leti (2022) (3 years ago - 2022),"Nimam namena ga zamenjati, dokler deluje (I don’t plan to replace it as long as it works)",Če bo popolnoma nehal delovati. ,Oddal_a v reciklažo / zbirni center (Recycle / take to collection center),Ker je slabo deloval in sem dobila novega za darilo.,Podaril_a (Gave it away),
2025/11/04 2:09:27 pop. GMT +1,21,Fakulteta za matematiko in fiziko (Faculty of Mathematics and Physics) UL,,,,,Univerzitetni študijski program FIZIKA (University Study Program PHYSICS),3. letnik (3rd year),,,Samsung,,,,,,,,,,
2025/11/04 2:17:46 pop. GMT +1,19,Fakulteta za matematiko in fiziko (Faculty of Mathematics and Physics) UL,,,,,Univerzitetni študijski program FIZIKA (University Study Program PHYSICS),1. letnik (1st year),,,Samsung,,S22,Nad 800 € (Over €800),Pred 3 leti (2022) (3 years ago - 2022),"Nimam namena ga zamenjati, dokler deluje (I don’t plan to replace it as long as it works)",Poškodbe (Damage),Oddal_a v reciklažo / zbirni center (Recycle / take to collection center),Pokvaril se je (It broke down),Zavrgel_a (Discarded it),
2025/11/04 2:24:27 pop. GMT +1,19,Fakulteta za matematiko in fiziko (Faculty of Mathematics and Physics) UL,,,,,Univerzitetni študijski program MATEMATIKA (University Study Program MATHEMATICS),1. letnik (1st year),,,Samsung,,Galaxy A33 5G,200–400 € (€200–400),Pred 2 leti (2023) (2 years ago - 2023),Čez 2 leti (In 2 years),Želim novejši model (I want a newer model),Ne vem še (Not sure yet),Slaba baterija (Poor battery performance),Ne vem (I don’t know),
2025/11/04 2:29:44 pop. GMT +1,25,Fakulteta za matematiko in fiziko (Faculty of Mathematics and Physics) UL,,,,,Magistrski študijski program MATEMATIKA (Master’s Study Program MATHEMATICS),1. letnik podiplomski (1st year postgraduate),,,Apple,,13 mini,600–800 € (€600–800),Pred 3 leti (2022) (3 years ago - 2022),"Nimam namena ga zamenjati, dokler deluje (I don’t plan to replace it as long as it works)","Upam da zdrži čim dlje, nočem velikega primarnega telefona","Kakšna domača naprava, mogoče imessage server ali kamera ipd",želel sem si manjšega + počasno delovanje,Podaril_a (Gave it away),Najverjetneje bom menjal baterijo preden tega zamenjam
2025/11/04 2:30:15 pop. GMT +1,23,"Fakulteta za elektrotehniko, računalništvo in informatiko (Faculty of Electrical Engineering and Computer Science) UM",,,Računalništvo in informacijske tehnologije Uni (Computer and Information Technologies),3. letnik (3rd year),,,,,Samsung,,A52s,200–400 € (€200–400),Pred 3 leti (2022) (3 years ago - 2022),V naslednjih 6 mesecih (In the next 6 months),Poškodbe (Damage),Obdržal_a ga bom kot rezervni telefon (Keep it as a backup phone),Počasno delovanje,Obdržal_a kot rezervni telefon (Kept it as a backup phone),
2025/11/04 2:33:12 pop. GMT +1,22,Fakulteta za matematiko in fiziko (Faculty of Mathematics and Physics) UL,,,,,Univerzitetni študijski program FIZIKA (University Study Program PHYSICS),3. letnik (3rd year),,,Apple,,Iphone 12 mini,Do 200 € (Up to €200),Pred 2 leti (2023) (2 years ago - 2023),V naslednjih 6 mesecih (In the next 6 months),"Slaba baterija, nedelujoč zvočnik, počasno delovanje, napaka pri polnjenju",Prodal_a (Sell it),"Poškodba (Damage - screen, water, etc.)",Zavrgel_a (Discarded it),"Naročil sem novo baterijo za telefon, tako da jo bom zamenjal kot zadnje upanje za telefon:)"
2025/11/04 2:40:23 pop. GMT +1,23,Fakulteta za matematiko in fiziko (Faculty of Mathematics and Physics) UL,,,,,Visokošolski strokovni študijski program APLIKATIVNA FIZIKA (prej Fizikalna merilna tehnika) (Higher Professional Study Program APPLIED PHYSICS (formerly Physical Measurement Technology)),3. letnik (3rd year),,,Samsung,,Galaxy A52s,400–600 € (€400–600),Pred 4 leti (2021) (4 years ago - 2021),"Nimam namena ga zamenjati, dokler deluje (I don’t plan to replace it as long as it works)",Počasno delovanje / zastarelost (Slow or outdated performance),Ne vem še (Not sure yet),Slaba baterija (Poor battery performance),Obdržal_a kot rezervni telefon (Kept it as a backup phone),
2025/11/04 2:46:57 pop. GMT +1,21,Fakulteta za matematiko in fiziko (Faculty of Mathematics and Physics) UL,,,,,Univerzitetni študijski program FIZIKA (University Study Program PHYSICS),3. letnik (3rd year),,,Samsung,,/,200–400 € (€200–400),Pred 3 leti (2022) (3 years ago - 2022),"Nimam namena ga zamenjati, dokler deluje (I don’t plan to replace it as long as it works)",Slaba baterija (Poor battery performance),Obdržal_a ga bom kot rezervni telefon (Keep it as a backup phone),Pokvaril se je (It broke down),Ne vem (I don’t know),/
2025/11/04 2:51:01 pop. GMT +1,23,"Fakulteta za elektrotehniko, računalništvo in informatiko (Faculty of Electrical Engineering and Computer Science) UM",,,Računalništvo in informacijske tehnologije Mag (Computer and Information Technologies),2. letnik podiplomski (2nd year postgraduate),,,,,Samsung,,Galaxy A34 5G,Ne vem / prejel_a sem ga kot darilo (I don’t know / received it as a gift),Lani (2024) (Last year - 2024),"Nimam namena ga zamenjati, dokler deluje (I don’t plan to replace it as long as it works)",Idk,Ne vem še (Not sure yet),Želel_a sem novejši model (Wanted a newer model),Obdržal_a kot rezervni telefon (Kept it as a backup phone),
2025/11/04 2:53:58 pop. GMT +1,23,"Fakulteta za elektrotehniko, računalništvo in informatiko (Faculty of Electrical Engineering and Computer Science) UM",,,Računalništvo in informacijske tehnologije Mag (Computer and Information Technologies),2. letnik podiplomski (2nd year postgraduate),,,,,Google,,Google Pixel 6 Pro,400–600 € (€400–600),Pred 2 leti (2023) (2 years ago - 2023),Čez 3 leta (In 3 years),Želim novejši model (I want a newer model),Podaril_a družinskemu članu / prijatelju (Give it to a family member/friend),Prejšnji telefon ni bil dovolj zmogljiv in ponujal željenih funkcionalnosti,Podaril_a (Gave it away),
2025/11/04 3:04:02 pop. GMT +1,20,Fakulteta za matematiko in fiziko (Faculty of Mathematics and Physics) UL,,,,,Univerzitetni študijski program FIZIKA (University Study Program PHYSICS),2. letnik (2nd year),,,Samsung,,A35,Do 200 € (Up to €200),Lani (2024) (Last year - 2024),"Nimam namena ga zamenjati, dokler deluje (I don’t plan to replace it as long as it works)",Poškodbe (Damage),Ne vem še (Not sure yet),Pokvaril se je (It broke down),Obdržal_a kot rezervni telefon (Kept it as a backup phone),
2025/11/04 3:04:31 pop. GMT +1,23,Fakulteta za matematiko in fiziko (Faculty of Mathematics and Physics) UL,,,,,Magistrski študijski program MATEMATIKA (Master’s Study Program MATHEMATICS),2. letnik podiplomski (2nd year postgraduate),,,Xiaomi,,POCO X5 Pro,200–400 € (€200–400),Pred 4 leti (2021) (4 years ago - 2021),"Nimam namena ga zamenjati, dokler deluje (I don’t plan to replace it as long as it works)",Počasno delovanje / zastarelost (Slow or outdated performance),Obdržal_a ga bom kot rezervni telefon (Keep it as a backup phone),"Poškodba (Damage - screen, water, etc.)",Obdržal_a kot rezervni telefon (Kept it as a backup phone),
2025/11/04 3:05:47 pop. GMT +1,21,Fakulteta za matematiko in fiziko (Faculty of Mathematics and Physics) UL,,,,,Univerzitetni študijski program FIZIKA (University Study Program PHYSICS),Absolvent,,,Apple,,Iphone 13 pro,Ne vem / prejel_a sem ga kot darilo (I don’t know / received it as a gift),Pred 2 leti (2023) (2 years ago - 2023),"Nimam namena ga zamenjati, dokler deluje (I don’t plan to replace it as long as it works)",Nimam namena,Ne vem še (Not sure yet),Podedoval novega,Obdržal_a kot rezervni telefon (Kept it as a backup phone),
2025/11/04 3:11:01 pop. GMT +1,21,Fakulteta za matematiko in fiziko (Faculty of Mathematics and Physics) UL,,,,,Univerzitetni študijski program FIZIKA (University Study Program PHYSICS),absolvent,,,Samsung,,Galaxy A33,200–400 € (€200–400),Pred 3 leti (2022) (3 years ago - 2022),V naslednjem letu (In the next year),Slaba baterija (Poor battery performance),Podaril_a družinskemu članu / prijatelju (Give it to a family member/friend),"Poškodba (Damage - screen, water, etc.)",Obdržal_a kot rezervni telefon (Kept it as a backup phone),
2025/11/04 3:12:11 pop. GMT +1,20,Fakulteta za matematiko in fiziko (Faculty of Mathematics and Physics) UL,,,,,Univerzitetni študijski program FIZIKA (University Study Program PHYSICS),2. letnik (2nd year),,,Apple,,iPhone 15 Pro,Nad 800 € (Over €800),Pred 2 leti (2023) (2 years ago - 2023),"Nimam namena ga zamenjati, dokler deluje (I don’t plan to replace it as long as it works)",Počasno delovanje / zastarelost (Slow or outdated performance),Obdržal_a ga bom kot rezervni telefon (Keep it as a backup phone),Pokvaril se je (It broke down),Obdržal_a kot rezervni telefon (Kept it as a backup phone),
2025/11/04 3:13:01 pop. GMT +1,20,Fakulteta za matematiko in fiziko (Faculty of Mathematics and Physics) UL,,,,,Univerzitetni študijski program FIZIKA (University Study Program PHYSICS),2. letnik (2nd year),,,Apple,,Iphone 12 mini,Ne vem / prejel_a sem ga kot darilo (I don’t know / received it as a gift),Pred 4 leti (2021) (4 years ago - 2021),"Nimam namena ga zamenjati, dokler deluje (I don’t plan to replace it as long as it works)",Počasno delovanje / zastarelost (Slow or outdated performance),Obdržal_a ga bom kot rezervni telefon (Keep it as a backup phone),Slaba baterija (Poor battery performance),Obdržal_a kot rezervni telefon (Kept it as a backup phone),
2025/11/04 3:15:14 pop. GMT +1,23,"Fakulteta za elektrotehniko, računalništvo in informatiko (Faculty of Electrical Engineering and Computer Science) UM",,,Računalništvo in informacijske tehnologije Uni (Computer and Information Technologies),2. letnik podiplomski (2nd year postgraduate),,,,,Apple,,iPhone16 Pro,Nad 800 € (Over €800),Lani (2024) (Last year - 2024),"Nimam namena ga zamenjati, dokler deluje (I don’t plan to replace it as long as it works)",Počasno delovanje / zastarelost (Slow or outdated performance),Podaril_a družinskemu članu / prijatelju (Give it to a family member/friend),Slaba baterija (Poor battery performance),Obdržal_a kot rezervni telefon (Kept it as a backup phone),
2025/11/04 3:58:16 pop. GMT +1,22,Fakulteta za matematiko in fiziko (Faculty of Mathematics and Physics) UL,,,,,Univerzitetni študijski program FIZIKA (University Study Program PHYSICS),Absolvent,,,Apple,,iPhone 13 Mini,Nad 800 € (Over €800),Pred 2 leti (2023) (2 years ago - 2023),"Nimam namena ga zamenjati, dokler deluje (I don’t plan to replace it as long as it works)",Počasno delovanje / zastarelost (Slow or outdated performance),Prodal_a (Sell it),Slaba baterija (Poor battery performance),Prodal_a (Sold it),
2025/11/04 4:03:03 pop. GMT +1,24,"Fakulteta za elektrotehniko, računalništvo in informatiko (Faculty of Electrical Engineering and Computer Science) UM",,,Računalništvo in informacijske tehnologije Mag (Computer and Information Technologies),2. letnik podiplomski (2nd year postgraduate),,,,,Samsung,,S22,Nad 800 € (Over €800),Pred 2 leti (2023) (2 years ago - 2023),Čez 2 leti (In 2 years),Slaba baterija (Poor battery performance),Obdržal_a ga bom kot rezervni telefon (Keep it as a backup phone),Želel_a sem novejši model (Wanted a newer model),Obdržal_a kot rezervni telefon (Kept it as a backup phone),
2025/11/04 4:03:50 pop. GMT +1,23,"Fakulteta za elektrotehniko, računalništvo in informatiko (Faculty of Electrical Engineering and Computer Science) UM",,,Računalništvo in informacijske tehnologije Mag (Computer and Information Technologies),2. letnik podiplomski (2nd year postgraduate),,,,,Apple,,iPhone 16 Pro,Nad 800 € (Over €800),Letos (2025) (This year - 2025),Čez 5 leta (In 5 years),Počasno delovanje / zastarelost (Slow or outdated performance),Podaril_a družinskemu članu / prijatelju (Give it to a family member/friend),Želel_a sem novejši model (Wanted a newer model),Podaril_a (Gave it away),
2025/11/04 4:15:21 pop. GMT +1,23,"Fakulteta za elektrotehniko, računalništvo in informatiko (Faculty of Electrical Engineering and Computer Science) UM",,,Računalništvo in informacijske tehnologije Uni (Computer and Information Technologies),2. letnik podiplomski (2nd year postgraduate),,,,,Apple,,11 Pro,Nad 800 € (Over €800),Pred več kot 5 leti (More than 5 years ago),V naslednjih 6 mesecih (In the next 6 months),Počasno delovanje / zastarelost (Slow or outdated performance),Ne vem še (Not sure yet),"Poškodba (Damage - screen, water, etc.)",Obdržal_a kot rezervni telefon (Kept it as a backup phone),
2025/11/04 4:15:23 pop. GMT +1,21,"Fakulteta za elektrotehniko, računalništvo in informatiko (Faculty of Electrical Engineering and Computer Science) UM",,,Računalništvo in informacijske tehnologije Vsš (Computer and Information Technologies),2. letnik podiplomski (2nd year postgraduate),,,,,Apple,,13,Nad 800 € (Over €800),Pred 2 leti (2023) (2 years ago - 2023),"Nimam namena ga zamenjati, dokler deluje (I don’t plan to replace it as long as it works)",Slaba baterija (Poor battery performance),Ne vem še (Not sure yet),Pokvaril se je (It broke down),Zavrgel_a (Discarded it),
2025/11/04 4:18:38 pop. GMT +1,22,Fakulteta za računalništvo in informatiko (Faculty of Computer and Information Science) UL,,,,,,,"Računalništvo in matematika, interdisciplinarni magistrski program (Computer Science and Mathematics, interdisciplinary master’s program)",1. letnik podiplomski (1st year postgraduate),Apple,,iPhone 11,Ne vem / prejel_a sem ga kot darilo (I don’t know / received it as a gift),Pred več kot 5 leti (More than 5 years ago),"Nimam namena ga zamenjati, dokler deluje (I don’t plan to replace it as long as it works)",Počasno delovanje / zastarelost (Slow or outdated performance),Ne vem še (Not sure yet),Dobil sem trenutni telefon zastojn,Obdržal_a kot rezervni telefon (Kept it as a backup phone),
2025/11/04 4:42:54 pop. GMT +1,22,Fakulteta za matematiko in fiziko (Faculty of Mathematics and Physics) UL,,,,,Univerzitetni študijski program FIZIKA (University Study Program PHYSICS),3. letnik (3rd year),,,Apple,,Se 2020 ,400–600 € (€400–600),Pred 4 leti (2021) (4 years ago - 2021),"Nimam namena ga zamenjati, dokler deluje (I don’t plan to replace it as long as it works)",Poškodbe (Damage),Oddal_a v reciklažo / zbirni center (Recycle / take to collection center),"Poškodba (Damage - screen, water, etc.)",Obdržal_a kot rezervni telefon (Kept it as a backup phone),
2025/11/04 4:49:00 pop. GMT +1,19,Fakulteta za matematiko in fiziko (Faculty of Mathematics and Physics) UL,,,,,Univerzitetni študijski program FIZIKA (University Study Program PHYSICS),2. letnik (2nd year),,,Xiaomi,,Mi 10,Ne vem / prejel_a sem ga kot darilo (I don’t know / received it as a gift),Pred 5 leti (2020) (5 years ago - 2020),"Nimam namena ga zamenjati, dokler deluje (I don’t plan to replace it as long as it works)",Poškodbe (Damage),Ne vem še (Not sure yet),Želel_a sem novejši model (Wanted a newer model),Ne vem (I don’t know),
2025/11/04 4:54:34 pop. GMT +1,23,Fakulteta za matematiko in fiziko (Faculty of Mathematics and Physics) UL,,,,,Univerzitetni študijski program FIZIKA (University Study Program PHYSICS),2. letnik (2nd year),,,Xiaomi,,redmi 14,Ne vem / prejel_a sem ga kot darilo (I don’t know / received it as a gift),Lani (2024) (Last year - 2024),"Nimam namena ga zamenjati, dokler deluje (I don’t plan to replace it as long as it works)",Počasno delovanje / zastarelost (Slow or outdated performance),Obdržal_a ga bom kot rezervni telefon (Keep it as a backup phone),"Poškodba (Damage - screen, water, etc.)",Obdržal_a kot rezervni telefon (Kept it as a backup phone),
2025/11/04 5:16:02 pop. GMT +1,21,Fakulteta za matematiko in fiziko (Faculty of Mathematics and Physics) UL,,,,,Univerzitetni študijski program FIZIKA (University Study Program PHYSICS),2. letnik (2nd year),,,Samsung,,A54,200–400 € (€200–400),Pred 5 leti (2020) (5 years ago - 2020),"Nimam namena ga zamenjati, dokler deluje (I don’t plan to replace it as long as it works)",Počasno delovanje / zastarelost (Slow or outdated performance),Obdržal_a ga bom kot rezervni telefon (Keep it as a backup phone),Outdated,Obdržal_a kot rezervni telefon (Kept it as a backup phone),
2025/11/04 5:35:57 pop. GMT +1,19,Fakulteta za matematiko in fiziko (Faculty of Mathematics and Physics) UL,,,,,Univerzitetni študijski program FIZIKA (University Study Program PHYSICS),2. letnik (2nd year),,,Samsung,,A51,Ne vem / prejel_a sem ga kot darilo (I don’t know / received it as a gift),Pred 5 leti (2020) (5 years ago - 2020),"Nimam namena ga zamenjati, dokler deluje (I don’t plan to replace it as long as it works)",Bomo še videli,Obdržal_a ga bom kot rezervni telefon (Keep it as a backup phone),Pokvaril se je (It broke down),Zavrgel_a (Discarded it),
2025/11/04 5:43:45 pop. GMT +1,22,Fakulteta za matematiko in fiziko (Faculty of Mathematics and Physics) UL,,,,,Magistrski študijski program FIZIKA (Master’s Study Program PHYSICS),1. letnik podiplomski (1st year postgraduate),,,Samsung,,Samsung galaxy S24 FE,200–400 € (€200–400),Letos (2025) (This year - 2025),"Nimam namena ga zamenjati, dokler deluje (I don’t plan to replace it as long as it works)",Počasno delovanje / zastarelost (Slow or outdated performance),Obdržal_a ga bom kot rezervni telefon (Keep it as a backup phone),Pokvaril se je (It broke down),Obdržal_a kot rezervni telefon (Kept it as a backup phone),
2025/11/04 5:57:36 pop. GMT +1,24,Fakulteta za matematiko in fiziko (Faculty of Mathematics and Physics) UL,,,,,Univerzitetni študijski program FIZIKA (University Study Program PHYSICS),3. letnik (3rd year),,,Xiaomi,,Poco x5 pro,200–400 € (€200–400),Pred 3 leti (2022) (3 years ago - 2022),"Nimam namena ga zamenjati, dokler deluje (I don’t plan to replace it as long as it works)",Slaba baterija (Poor battery performance),Obdržal_a ga bom kot rezervni telefon (Keep it as a backup phone),Slaba baterija (Poor battery performance),Obdržal_a kot rezervni telefon (Kept it as a backup phone),
2025/11/04 6:17:05 pop. GMT +1,21,Fakulteta za elektrotehniko (Faculty of Electrical Engineering) UL,"Elektrotehnika Uni (Electrical Engineering, University)",3. letnik (3rd year),,,,,,,Samsung,,A53,200–400 € (€200–400),Pred 2 leti (2023) (2 years ago - 2023),Čez 2 leti (In 2 years),Počasno delovanje / zastarelost (Slow or outdated performance),Obdržal_a ga bom kot rezervni telefon (Keep it as a backup phone),Slaba baterija (Poor battery performance),Obdržal_a kot rezervni telefon (Kept it as a backup phone),
2025/11/04 6:17:15 pop. GMT +1,25,Fakulteta za računalništvo in informatiko (Faculty of Computer and Information Science) UL,,,,,,,"Multimedija, interdisciplinarni magistrski program (Multimedia, interdisciplinary master’s program)",1. letnik (1st year),Apple,,Apple iPhone 14,Ne vem / prejel_a sem ga kot darilo (I don’t know / received it as a gift),Pred 2 leti (2023) (2 years ago - 2023),Čez 2 leti (In 2 years),Slaba baterija (Poor battery performance),Podaril_a družinskemu članu / prijatelju (Give it to a family member/friend),"Poškodba (Damage - screen, water, etc.)",Podaril_a (Gave it away),Prejšnji telefon je odslužil svoje (5 let in je bil že slab za uporabo)
2025/11/04 6:18:18 pop. GMT +1,23,Fakulteta za matematiko in fiziko (Faculty of Mathematics and Physics) UL,,,,,Interdisciplinarni magistrski študijski program RAČUNALNIŠTVO IN MATEMATIKA (Interdisciplinary Master’s Study Program COMPUTER SCIENCE AND MATHEMATICS),1. letnik podiplomski (1st year postgraduate),,,Drugo (Other),Cubot,X19,200–400 € (€200–400),Pred več kot 5 leti (More than 5 years ago),"Nimam namena ga zamenjati, dokler deluje (I don’t plan to replace it as long as it works)",Slaba baterija (Poor battery performance),Obdržal_a ga bom kot rezervni telefon (Keep it as a backup phone),To je moj prvi telefon,Ni obstajal,
2025/11/04 6:20:05 pop. GMT +1,24,Fakulteta za računalništvo in informatiko (Faculty of Computer and Information Science) UL,,,,,,,"Računalništvo in informatika, magistrski program (Computer Science and Informatics, master’s program)",2. letnik podiplomski (2nd year postgraduate),Samsung,,A54,200–400 € (€200–400),Pred 2 leti (2023) (2 years ago - 2023),"Nimam namena ga zamenjati, dokler deluje (I don’t plan to replace it as long as it works)",Počasno delovanje / zastarelost (Slow or outdated performance),Obdržal_a ga bom kot rezervni telefon (Keep it as a backup phone),Slaba baterija (Poor battery performance),Obdržal_a kot rezervni telefon (Kept it as a backup phone),
2025/11/04 6:20:31 pop. GMT +1,26+,Fakulteta za računalništvo in informatiko (Faculty of Computer and Information Science) UL,,,,,,,"Računalništvo in informatika, magistrski program (Computer Science and Informatics, master’s program)",2. letnik podiplomski (2nd year postgraduate),Apple,,Iphone 14 pro,400–600 € (€400–600),Lani (2024) (Last year - 2024),"Nimam namena ga zamenjati, dokler deluje (I don’t plan to replace it as long as it works)",Poškodbe (Damage),Prodal_a (Sell it),Želel_a sem novejši model (Wanted a newer model),Prodal_a (Sold it),
2025/11/04 6:24:44 pop. GMT +1,20,Fakulteta za elektrotehniko (Faculty of Electrical Engineering) UL,"Elektrotehnika Uni (Electrical Engineering, University)",2. letnik (2nd year),,,,,,,Apple,,iPhone 12 mini,Nad 800 € (Over €800),Pred 5 leti (2020) (5 years ago - 2020),V naslednjih 6 mesecih (In the next 6 months),Počasno delovanje / zastarelost (Slow or outdated performance),Obdržal_a ga bom kot rezervni telefon (Keep it as a backup phone),Želel_a sem novejši model (Wanted a newer model),Prodal_a (Sold it),
2025/11/04 6:25:17 pop. GMT +1,25,Fakulteta za računalništvo in informatiko (Faculty of Computer and Information Science) UL,,,,,,,"Računalništvo in informatika, magistrski program (Computer Science and Informatics, master’s program)",3. letnik (3rd year),Google,,Pixel 6a,400–600 € (€400–600),Pred 3 leti (2022) (3 years ago - 2022),"Nimam namena ga zamenjati, dokler deluje (I don’t plan to replace it as long as it works)",Slaba baterija (Poor battery performance),Obdržal_a ga bom kot rezervni telefon (Keep it as a backup phone),Želel_a sem novejši model (Wanted a newer model),Obdržal_a kot rezervni telefon (Kept it as a backup phone),
2025/11/04 6:32:23 pop. GMT +1,19,Fakulteta za elektrotehniko (Faculty of Electrical Engineering) UL,"Elektrotehnika Uni (Electrical Engineering, University)",1. letnik (1st year),,,,,,,Apple,,iPhone 15 PRO MAX,Nad 800 € (Over €800),Pred 2 leti (2023) (2 years ago - 2023),Čez 4 leta (In 4 years),Počasno delovanje / zastarelost (Slow or outdated performance),Podaril_a družinskemu članu / prijatelju (Give it to a family member/friend),"Slaba baterija, zelo počasen, premalo spomina, zastarel model, slaba kamera.",Zavrgel_a (Discarded it),Menjal baterijo 1x ali 2x in naprej uporabljal.
2025/11/04 6:33:25 pop. GMT +1,25,Fakulteta za računalništvo in informatiko (Faculty of Computer and Information Science) UL,,,,,,,"Računalništvo in informatika, magistrski program (Computer Science and Informatics, master’s program)",2. letnik podiplomski (2nd year postgraduate),Apple,,Iphone 12,600–800 € (€600–800),Pred 5 leti (2020) (5 years ago - 2020),Čez 3 leta (In 3 years),Slaba baterija (Poor battery performance),Obdržal_a ga bom kot rezervni telefon (Keep it as a backup phone),Slaba baterija (Poor battery performance),Obdržal_a kot rezervni telefon (Kept it as a backup phone),
2025/11/04 6:37:51 pop. GMT +1,25,Fakulteta za računalništvo in informatiko (Faculty of Computer and Information Science) UL,,,,,,,"Računalništvo in informatika, magistrski program (Computer Science and Informatics, master’s program)",2. letnik podiplomski (2nd year postgraduate),Xiaomi,,POCO X3 NFC,Do 200 € (Up to €200),Pred 5 leti (2020) (5 years ago - 2020),"Nimam namena ga zamenjati, dokler deluje (I don’t plan to replace it as long as it works)",Počasno delovanje / zastarelost (Slow or outdated performance),Prodal_a (Sell it),pokvaril se je zvočnik in sem ga potem čez čas popravil,Prodal_a (Sold it),
2025/11/04 6:40:04 pop. GMT +1,24,Fakulteta za računalništvo in informatiko (Faculty of Computer and Information Science) UL,,,,,,,"Računalništvo in informatika, magistrski program (Computer Science and Informatics, master’s program)",2. letnik podiplomski (2nd year postgraduate),Samsung,,s22+,Ne vem / prejel_a sem ga kot darilo (I don’t know / received it as a gift),Pred 3 leti (2022) (3 years ago - 2022),"Nimam namena ga zamenjati, dokler deluje (I don’t plan to replace it as long as it works)",Slaba baterija (Poor battery performance),Ne vem še (Not sure yet),Pokvaril se je (It broke down),ostal je v škatli,
2025/11/04 6:41:16 pop. GMT +1,24,Fakulteta za računalništvo in informatiko (Faculty of Computer and Information Science) UL,,,,,,,,2. letnik podiplomski (2nd year postgraduate),Google,,pixel 7,400–600 € (€400–600),Pred 3 leti (2022) (3 years ago - 2022),Čez 2 leti (In 2 years),Slaba baterija (Poor battery performance),Obdržal_a ga bom kot rezervni telefon (Keep it as a backup phone),"Poškodba (Damage - screen, water, etc.)",Zavrgel_a (Discarded it),
2025/11/04 6:45:55 pop. GMT +1,23,"Fakulteta za elektrotehniko, računalništvo in informatiko (Faculty of Electrical Engineering and Computer Science) UM",,,Računalništvo in informacijske tehnologije Mag (Computer and Information Technologies),2. letnik podiplomski (2nd year postgraduate),,,,,Samsung,,A53,200–400 € (€200–400),Pred 3 leti (2022) (3 years ago - 2022),"Nimam namena ga zamenjati, dokler deluje (I don’t plan to replace it as long as it works)",Počasno delovanje / zastarelost (Slow or outdated performance),Obdržal_a ga bom kot rezervni telefon (Keep it as a backup phone),Želel_a sem novejši model (Wanted a newer model),Podaril_a (Gave it away),
2025/11/04 6:46:54 pop. GMT +1,22,Fakulteta za računalništvo in informatiko (Faculty of Computer and Information Science) UL,,,,,,,"Podatkovne vede, smer magistrskega programa (Data Science, master’s program specialization)",2. letnik podiplomski (2nd year postgraduate),Samsung,,S24,200–400 € (€200–400),Letos (2025) (This year - 2025),Čez 2 leti (In 2 years),Želim novejši model (I want a newer model),Podaril_a družinskemu članu / prijatelju (Give it to a family member/friend),Želel_a sem novejši model (Wanted a newer model),Prodal_a (Sold it),"Telefona ne vržem stran dokler deluje, ali ga podarim alj pa prodam, rad pa imam najnovejše modele"
2025/11/04 6:51:19 pop. GMT +1,26+,Fakulteta za računalništvo in informatiko (Faculty of Computer and Information Science) UL,,,,,,,"Računalništvo in informatika, magistrski program (Computer Science and Informatics, master’s program)",2. letnik podiplomski (2nd year postgraduate),Samsung,,Galaxy A52,Ne vem / prejel_a sem ga kot darilo (I don’t know / received it as a gift),Lani (2024) (Last year - 2024),"Nimam namena ga zamenjati, dokler deluje (I don’t plan to replace it as long as it works)",Počasno delovanje ali poškodba,V smeti,Pokvaril se je (It broke down),Zavrgel_a (Discarded it),
2025/11/04 6:56:59 pop. GMT +1,24,"Fakulteta za elektrotehniko, računalništvo in informatiko (Faculty of Electrical Engineering and Computer Science) UM",,,Računalništvo in informacijske tehnologije Mag (Computer and Information Technologies),2. letnik podiplomski (2nd year postgraduate),,,,,Samsung,,S23 Ultra,400–600 € (€400–600),Letos (2025) (This year - 2025),"Nimam namena ga zamenjati, dokler deluje (I don’t plan to replace it as long as it works)",Poškodbe (Damage),Obdržal_a ga bom kot rezervni telefon (Keep it as a backup phone),Pokvaril se je (It broke down),Podaril_a (Gave it away),
2025/11/04 6:57:42 pop. GMT +1,24,Fakulteta za računalništvo in informatiko (Faculty of Computer and Information Science) UL,,,,,,,"Podatkovne vede, smer magistrskega programa (Data Science, master’s program specialization)",1. letnik podiplomski (1st year postgraduate),Samsung,,Galaxy A35,Do 200 € (Up to €200),Lani (2024) (Last year - 2024),Čez 4 leta (In 4 years),Želim novejši model (I want a newer model),Podaril_a družinskemu članu / prijatelju (Give it to a family member/friend),"Poškodba (Damage - screen, water, etc.)",Oddal_a v reciklažo (Recycled it),"Telefon je bil kupljen pri operaterju in je bil deležen popusta, zato je cen nižja. Po potrebi pri telefonih zamenjam baterijo, polomljen zaslon itd če je to cenovno smotrno in so deli še dostopni. Prejšnjega sem moral menjati ker je bila škoda prevelika."
2025/11/04 6:59:32 pop. GMT +1,23,Fakulteta za računalništvo in informatiko (Faculty of Computer and Information Science) UL,,,,,,,"Računalništvo in informatika, magistrski program (Computer Science and Informatics, master’s program)",1. letnik podiplomski (1st year postgraduate),Motorola,,Motorola Edge 20,200–400 € (€200–400),Pred 4 leti (2021) (4 years ago - 2021),V naslednjem letu (In the next year),Slaba baterija (Poor battery performance),Obdržal_a ga bom kot rezervni telefon (Keep it as a backup phone),Počasno delovanje / zastarelost,Prodal_a (Sold it),"MA JS SEM MISLU DA JE TO ANKETA KOLK UR VRŽEMO STRAN NA FONU, CLICKBAIT TITLE, ANKETA NE VSEBUJE NOBENEGA VPRAŠANJA O UPORABI TELEFONA
Ampak vseeno vredu anketa :)"
2025/11/04 7:08:26 pop. GMT +1,19,Fakulteta za matematiko in fiziko (Faculty of Mathematics and Physics) UL,,,,,Univerzitetni študijski program FIZIKA (University Study Program PHYSICS),1. letnik (1st year),,,Samsung,,Samsung Galaxy s21 FE,200–400 € (€200–400),Pred 2 leti (2023) (2 years ago - 2023),"Nimam namena ga zamenjati, dokler deluje (I don’t plan to replace it as long as it works)",Počasno delovanje / zastarelost (Slow or outdated performance),Podaril_a družinskemu članu / prijatelju (Give it to a family member/friend),Pokvaril se je (It broke down),Prodal_a (Sold it),
2025/11/04 7:09:45 pop. GMT +1,22,Fakulteta za računalništvo in informatiko (Faculty of Computer and Information Science) UL,,,,,,,"Računalništvo in informatika, magistrski program (Computer Science and Informatics, master’s program)",1. letnik podiplomski (1st year postgraduate),Samsung,,S24 Ultra,Nad 800 € (Over €800),Lani (2024) (Last year - 2024),"Nimam namena ga zamenjati, dokler deluje (I don’t plan to replace it as long as it works)",Počasno delovanje / zastarelost (Slow or outdated performance),Obdržal_a ga bom kot rezervni telefon (Keep it as a backup phone),Želel_a sem novejši model (Wanted a newer model),Obdržal_a kot rezervni telefon (Kept it as a backup phone),
2025/11/04 7:29:29 pop. GMT +1,19,Fakulteta za matematiko in fiziko (Faculty of Mathematics and Physics) UL,,,,,Univerzitetni študijski program MATEMATIKA (University Study Program MATHEMATICS),1. letnik (1st year),,,Samsung,,Samsung Galaxy S21 FE 5G,200–400 € (€200–400),Pred 2 leti (2023) (2 years ago - 2023),V naslednjem letu (In the next year),Počasno delovanje / zastarelost (Slow or outdated performance),Obdržal_a ga bom kot rezervni telefon (Keep it as a backup phone),Premalo prostora,Obdržal_a kot rezervni telefon (Kept it as a backup phone),
2025/11/04 7:45:44 pop. GMT +1,24,"Fakulteta za elektrotehniko, računalništvo in informatiko (Faculty of Electrical Engineering and Computer Science) UM",,,Računalništvo in informacijske tehnologije Mag (Computer and Information Technologies),2. letnik podiplomski (2nd year postgraduate),,,,,Google,,pixel 9,600–800 € (€600–800),Letos (2025) (This year - 2025),"Nimam namena ga zamenjati, dokler deluje (I don’t plan to replace it as long as it works)",Poškodbe (Damage),Obdržal_a ga bom kot rezervni telefon (Keep it as a backup phone),Želel_a sem novejši model (Wanted a newer model),Obdržal_a kot rezervni telefon (Kept it as a backup phone),
2025/11/04 7:57:03 pop. GMT +1,24,Fakulteta za računalništvo in informatiko (Faculty of Computer and Information Science) UL,,,,,,,"Računalništvo in informatika, magistrski program (Computer Science and Informatics, master’s program)",1. letnik podiplomski (1st year postgraduate),Oneplus,,OnePlus 8T,400–600 € (€400–600),Pred 4 leti (2021) (4 years ago - 2021),"Nimam namena ga zamenjati, dokler deluje (I don’t plan to replace it as long as it works)",Slaba baterija (Poor battery performance),Obdržal_a ga bom kot rezervni telefon (Keep it as a backup phone),Slaba baterija (Poor battery performance),Obdržal_a kot rezervni telefon (Kept it as a backup phone),
2025/11/04 7:57:47 pop. GMT +1,25,Fakulteta za računalništvo in informatiko (Faculty of Computer and Information Science) UL,,,,,,,"Računalništvo in informatika, magistrski program (Computer Science and Informatics, master’s program)",2. letnik podiplomski (2nd year postgraduate),Apple,,iPhone 16 Pro,Nad 800 € (Over €800),Lani (2024) (Last year - 2024),"Nimam namena ga zamenjati, dokler deluje (I don’t plan to replace it as long as it works)","Primanjkovanje prostora na aplovih telefonih, ampak niman zaenkrat namena",Podaril_a družinskemu članu / prijatelju (Give it to a family member/friend),Dobil sem ga kot darilo,Podaril_a (Gave it away),
2025/11/04 8:13:09 pop. GMT +1,22,Fakulteta za matematiko in fiziko (Faculty of Mathematics and Physics) UL,,,,,Univerzitetni študijski program MATEMATIKA (University Study Program MATHEMATICS),2. letnik (2nd year),,,Huawei,,Honor 9 Lite,Do 200 € (Up to €200),Pred več kot 5 leti (More than 5 years ago),"Nimam namena ga zamenjati, dokler deluje (I don’t plan to replace it as long as it works)",Počasno delovanje / zastarelost (Slow or outdated performance),Obdržal_a ga bom kot rezervni telefon (Keep it as a backup phone),Počasnost,Obdržal_a kot rezervni telefon (Kept it as a backup phone),
2025/11/04 8:25:56 pop. GMT +1,25,Fakulteta za računalništvo in informatiko (Faculty of Computer and Information Science) UL,,,,,,,"Računalništvo in informatika, magistrski program (Computer Science and Informatics, master’s program)",2. letnik podiplomski (2nd year postgraduate),Google,,Pixel 4a 5G,400–600 € (€400–600),Pred 4 leti (2021) (4 years ago - 2021),V naslednjem letu (In the next year),Podpora operacijskega sistema,Obdržal_a ga bom kot rezervni telefon (Keep it as a backup phone),Slaba baterija (Poor battery performance),Obdržal_a kot rezervni telefon (Kept it as a backup phone),
2025/11/04 8:31:30 pop. GMT +1,22,Fakulteta za matematiko in fiziko (Faculty of Mathematics and Physics) UL,,,,,Visokošolski strokovni študijski program APLIKATIVNA FIZIKA (prej Fizikalna merilna tehnika) (Higher Professional Study Program APPLIED PHYSICS (formerly Physical Measurement Technology)),1. letnik (1st year),,,Drugo (Other),Honor,8x,200–400 € (€200–400),Pred 3 leti (2022) (3 years ago - 2022),"Nimam namena ga zamenjati, dokler deluje (I don’t plan to replace it as long as it works)",Slaba baterija (Poor battery performance),Obdržal_a ga bom kot rezervni telefon (Keep it as a backup phone),Pokvaril se je (It broke down),Oddal_a v reciklažo (Recycled it),
2025/11/04 8:39:08 pop. GMT +1,20,Fakulteta za računalništvo in informatiko (Faculty of Computer and Information Science) UL,,,,,,,"Računalništvo in informatika, univerzitetni program (Computer Science and Informatics, university program)",2. letnik (2nd year),Apple,,iphone 12,600–800 € (€600–800),Pred 4 leti (2021) (4 years ago - 2021),V naslednjem letu (In the next year),Počasno delovanje / zastarelost (Slow or outdated performance),Obdržal_a ga bom kot rezervni telefon (Keep it as a backup phone),Pokvaril se je (It broke down),Zavrgel_a (Discarded it),
2025/11/04 8:42:33 pop. GMT +1,20,Fakulteta za računalništvo in informatiko (Faculty of Computer and Information Science) UL,,,,,,,"Računalništvo in informatika, univerzitetni program (Computer Science and Informatics, university program)",2. letnik (2nd year),Samsung,,A52,Ne vem / prejel_a sem ga kot darilo (I don’t know / received it as a gift),Pred 3 leti (2022) (3 years ago - 2022),"Nimam namena ga zamenjati, dokler deluje (I don’t plan to replace it as long as it works)",Počasno delovanje / zastarelost (Slow or outdated performance),Ne vem še (Not sure yet),"Poškodba (Damage - screen, water, etc.)",Obdržal_a kot rezervni telefon (Kept it as a backup phone),
2025/11/04 8:46:27 pop. GMT +1,21,Fakulteta za računalništvo in informatiko (Faculty of Computer and Information Science) UL,,,,,,,"Računalništvo in informatika, univerzitetni program (Computer Science and Informatics, university program)",3. letnik (3rd year),Samsung,,Galaxy S21 FE,600–800 € (€600–800),Pred 3 leti (2022) (3 years ago - 2022),"Nimam namena ga zamenjati, dokler deluje (I don’t plan to replace it as long as it works)",Slaba baterija (Poor battery performance),Obdržal_a ga bom kot rezervni telefon (Keep it as a backup phone),Slaba baterija (Poor battery performance),Obdržal_a kot rezervni telefon (Kept it as a backup phone),
2025/11/04 9:13:13 pop. GMT +1,19,Fakulteta za računalništvo in informatiko (Faculty of Computer and Information Science) UL,,,,,,,"Računalništvo in informatika, univerzitetni program (Computer Science and Informatics, university program)",1. letnik (1st year),Apple,,iPhone 15,Nad 800 € (Over €800),Lani (2024) (Last year - 2024),Čez več kot 5 let (In more than 5 years),Želim novejši model (I want a newer model),Podaril_a družinskemu članu / prijatelju (Give it to a family member/friend),Želel_a sem novejši model (Wanted a newer model),Podaril_a (Gave it away),
2025/11/04 9:16:21 pop. GMT +1,25,Fakulteta za računalništvo in informatiko (Faculty of Computer and Information Science) UL,,,,,,,"Računalništvo in informatika, univerzitetni program (Computer Science and Informatics, university program)",2. letnik podiplomski (2nd year postgraduate),Apple,,iPhone 15 Pro,Nad 800 € (Over €800),Lani (2024) (Last year - 2024),Čez 3 leta (In 3 years),Slaba baterija (Poor battery performance),Obdržal_a ga bom kot rezervni telefon (Keep it as a backup phone),Želel_a sem novejši model (Wanted a newer model),Obdržal_a kot rezervni telefon (Kept it as a backup phone),
2025/11/04 9:33:50 pop. GMT +1,19,Fakulteta za računalništvo in informatiko (Faculty of Computer and Information Science) UL,,,,,,,"Računalništvo in informatika, univerzitetni program (Computer Science and Informatics, university program)",1. letnik (1st year),Xiaomi,, Xiaomi Redmi Note 12 Pro+,200–400 € (€200–400),Pred 2 leti (2023) (2 years ago - 2023),Čez 3 leta (In 3 years),Slaba baterija (Poor battery performance),Obdržal_a ga bom kot rezervni telefon (Keep it as a backup phone),Želel_a sem novejši model (Wanted a newer model),Obdržal_a kot rezervni telefon (Kept it as a backup phone),
2025/11/04 9:42:20 pop. GMT +1,21,Fakulteta za računalništvo in informatiko (Faculty of Computer and Information Science) UL,,,,,,,"Računalništvo in informatika, univerzitetni program (Computer Science and Informatics, university program)",3. letnik (3rd year),Samsung,,S21 FE,Ne vem / prejel_a sem ga kot darilo (I don’t know / received it as a gift),Pred 3 leti (2022) (3 years ago - 2022),"Nimam namena ga zamenjati, dokler deluje (I don’t plan to replace it as long as it works)",Slaba baterija (Poor battery performance),Obdržal_a ga bom kot rezervni telefon (Keep it as a backup phone),Pokvaril se je (It broke down),Obdržal_a kot rezervni telefon (Kept it as a backup phone),
2025/11/04 9:43:50 pop. GMT +1,22,"Fakulteta za elektrotehniko, računalništvo in informatiko (Faculty of Electrical Engineering and Computer Science) UM",,,Računalništvo in informacijske tehnologije Uni (Computer and Information Technologies),3. letnik (3rd year),,,,,Apple,,Iphone 13 pro max,400–600 € (€400–600),Lani (2024) (Last year - 2024),"Nimam namena ga zamenjati, dokler deluje (I don’t plan to replace it as long as it works)",Počasno delovanje / zastarelost (Slow or outdated performance),Podaril_a družinskemu članu / prijatelju (Give it to a family member/friend),Želel_a sem novejši model (Wanted a newer model),Podaril_a (Gave it away),
2025/11/04 10:48:53 pop. GMT +1,20,Fakulteta za računalništvo in informatiko (Faculty of Computer and Information Science) UL,,,,,,,"Računalništvo in informatika, univerzitetni program (Computer Science and Informatics, university program)",2. letnik (2nd year),Google,,pixel 9,Nad 800 € (Over €800),Lani (2024) (Last year - 2024),Čez več kot 5 let (In more than 5 years),google bo ziher nehov dajat updejte in bom sla uvelavlt stvarno napako,telekom (glej prejsnje),Želel_a sem novejši model (Wanted a newer model),Obdržal_a kot rezervni telefon (Kept it as a backup phone),
2025/11/04 11:07:49 pop. GMT +1,22,Fakulteta za elektrotehniko (Faculty of Electrical Engineering) UL,"Elektrotehnika Mag (Electrical Engineering, Master’s)",2. letnik podiplomski (2nd year postgraduate),,,,,,,Drugo (Other),Sony,Xperia 10 VI,200–400 € (€200–400),Lani (2024) (Last year - 2024),"Nimam namena ga zamenjati, dokler deluje (I don’t plan to replace it as long as it works)",Slaba baterija (Poor battery performance),Predelal v digitalni zaslon ali kaj podobnega. Ponovno uporabil za hobi namene/dele,Slaba baterija (Poor battery performance),Prodal_a (Sold it),
2025/11/04 11:14:21 pop. GMT +1,21,Fakulteta za matematiko in fiziko (Faculty of Mathematics and Physics) UL,,,,,Visokošolski strokovni študijski program APLIKATIVNA MATEMATIKA (ta program je s študijskim letom 2024/25 zamenjal program Praktična matematika) (Higher Professional Study Program APPLIED MATHEMATICS (this program replaced Practical Mathematics starting from the 2024/25 academic year)),3. letnik (3rd year),,,Apple,,Iphone 16,Ne vem / prejel_a sem ga kot darilo (I don’t know / received it as a gift),Letos (2025) (This year - 2025),Čez 4 leta (In 4 years),Slaba baterija (Poor battery performance),Podaril_a družinskemu članu / prijatelju (Give it to a family member/friend),Slaba baterija (Poor battery performance),Podaril_a (Gave it away),
2025/11/04 11:48:11 pop. GMT +1,20,Fakulteta za računalništvo in informatiko (Faculty of Computer and Information Science) UL,,,,,,,"Računalništvo in informatika, univerzitetni program (Computer Science and Informatics, university program)",3. letnik (3rd year),Google,,Pixel 8 Pro,600–800 € (€600–800),Lani (2024) (Last year - 2024),"Nimam namena ga zamenjati, dokler deluje (I don’t plan to replace it as long as it works)",Počasno delovanje / zastarelost (Slow or outdated performance),Obdržal_a ga bom kot rezervni telefon (Keep it as a backup phone),Želel_a sem novejši model (Wanted a newer model),Obdržal_a kot rezervni telefon (Kept it as a backup phone),Uporabljam GrapheneOS btw
2025/11/05 12:07:41 dop. GMT +1,24,Fakulteta za matematiko in fiziko (Faculty of Mathematics and Physics) UL,,,,,Magistrski študijski program PEDAGOŠKA FIZIKA (Master’s Study Program EDUCATIONAL PHYSICS),1. letnik podiplomski (1st year postgraduate),,,Motorola,,Motorola moto g85,200–400 € (€200–400),Letos (2025) (This year - 2025),"Nimam namena ga zamenjati, dokler deluje (I don’t plan to replace it as long as it works)","Letos je bil razlog za menjavo prestar OS, ki ga spletna banka ni vec zelela podpirat, tako da racunam tudi s tem priti do te meje (razen ce bodo poskodbe prej storile silo)",Obdržal_a ga bom kot rezervni telefon (Keep it as a backup phone),"Prestar OS, ki ga spletna banka ni več podpirala",Obdržal_a kot rezervni telefon (Kept it as a backup phone),"V 11 letih je to sele moj 3tji telefon. Skratka stvari delajo relativno dobro, ce jim enkrat zamenjas baterijo in jih ne meces po tleh."
2025/11/05 12:32:56 dop. GMT +1,24,Fakulteta za matematiko in fiziko (Faculty of Mathematics and Physics) UL,,,,,Univerzitetni študijski program MATEMATIKA (University Study Program MATHEMATICS),2. letnik (2nd year),,,Samsung,,Note 9,600–800 € (€600–800),Pred 4 leti (2021) (4 years ago - 2021),"Nimam namena ga zamenjati, dokler deluje (I don’t plan to replace it as long as it works)","Nimam namena ga zamenjati, dokler deluje",Obdržal_a ga bom kot rezervni telefon (Keep it as a backup phone),Pokvaril se je (It broke down),Obdržal_a kot rezervni telefon (Kept it as a backup phone),Ce bo baterija poslabsala in telefon deloval normalno bom sam zamenjal baterijo.
2025/11/05 8:02:20 dop. GMT +1,22,Fakulteta za matematiko in fiziko (Faculty of Mathematics and Physics) UL,,,,,Univerzitetni študijski program FINANČNA MATEMATIKA (University Study Program FINANCIAL MATHEMATICS),3. letnik (3rd year),,,Apple,,13,400–600 € (€400–600),Lani (2024) (Last year - 2024),"Nimam namena ga zamenjati, dokler deluje (I don’t plan to replace it as long as it works)",Počasno delovanje / zastarelost (Slow or outdated performance),Obdržal_a ga bom kot rezervni telefon (Keep it as a backup phone),Slaba baterija (Poor battery performance),Obdržal_a kot rezervni telefon (Kept it as a backup phone),
2025/11/05 8:06:12 dop. GMT +1,21,Fakulteta za matematiko in fiziko (Faculty of Mathematics and Physics) UL,,,,,Univerzitetni študijski program FIZIKA (University Study Program PHYSICS),2. letnik (2nd year),,,Motorola,,moto g32 (XT2235-2),Do 200 € (Up to €200),Lani (2024) (Last year - 2024),"Nimam namena ga zamenjati, dokler deluje (I don’t plan to replace it as long as it works)",zaenkrat deluje,Obdržal_a ga bom kot rezervni telefon (Keep it as a backup phone),ukradli so mi ga,Ne vem (I don’t know),
2025/11/05 8:08:08 dop. GMT +1,18,Fakulteta za računalništvo in informatiko (Faculty of Computer and Information Science) UL,,,,,,,"Računalništvo in informatika, visokošolski program (Computer Science and Informatics, higher professional program)",1. letnik (1st year),Drugo (Other),Sony Xperia,Sony Xperia,200–400 € (€200–400),Pred 2 leti (2023) (2 years ago - 2023),"Nimam namena ga zamenjati, dokler deluje (I don’t plan to replace it as long as it works)",Slaba baterija (Poor battery performance),Podaril_a družinskemu članu / prijatelju (Give it to a family member/friend),Slaba baterija (Poor battery performance),Podaril_a (Gave it away),
2025/11/05 8:29:07 dop. GMT +1,20,Fakulteta za matematiko in fiziko (Faculty of Mathematics and Physics) UL,,,,,Univerzitetni študijski program FIZIKA (University Study Program PHYSICS),3. letnik (3rd year),,,Samsung,,A53 5G,400–600 € (€400–600),Pred 2 leti (2023) (2 years ago - 2023),"Nimam namena ga zamenjati, dokler deluje (I don’t plan to replace it as long as it works)",Ker ne deluje več ,Obdržal_a ga bom kot rezervni telefon (Keep it as a backup phone),Pokvaril se je (It broke down),Obdržal_a kot rezervni telefon (Kept it as a backup phone),
2025/11/05 8:57:16 dop. GMT +1,23,Fakulteta za računalništvo in informatiko (Faculty of Computer and Information Science) UL,,,,,,,"Računalništvo in informatika, univerzitetni program (Computer Science and Informatics, university program)",3. letnik (3rd year),Xiaomi,,xiaomi redmi note 14,Do 200 € (Up to €200),Letos (2025) (This year - 2025),"Nimam namena ga zamenjati, dokler deluje (I don’t plan to replace it as long as it works)",Slaba baterija (Poor battery performance),Obdržal_a ga bom kot rezervni telefon (Keep it as a backup phone),Slaba baterija (Poor battery performance),Obdržal_a kot rezervni telefon (Kept it as a backup phone),
2025/11/05 9:01:17 dop. GMT +1,22,Fakulteta za matematiko in fiziko (Faculty of Mathematics and Physics) UL,,,,,Enoviti magistrski študijski program PEDAGOŠKA MATEMATIKA (Integrated Master’s Study Program EDUCATIONAL MATHEMATICS),3. letnik (3rd year),,,Samsung,,Galaxy S 22+,200–400 € (€200–400),Lani (2024) (Last year - 2024),"Nimam namena ga zamenjati, dokler deluje (I don’t plan to replace it as long as it works)",Pomanjkanje prostora,Obdržal_a ga bom kot rezervni telefon (Keep it as a backup phone),Pomanjkanje shrambe in počasno delovanje telefona,Obdržal_a kot rezervni telefon (Kept it as a backup phone),
2025/11/05 9:24:36 dop. GMT +1,25,"Fakulteta za elektrotehniko, računalništvo in informatiko (Faculty of Electrical Engineering and Computer Science) UM",,,Računalništvo in informacijske tehnologije Uni (Computer and Information Technologies),2. letnik podiplomski (2nd year postgraduate),,,,,Xiaomi,,Note 12,Ne vem / prejel_a sem ga kot darilo (I don’t know / received it as a gift),Lani (2024) (Last year - 2024),"Nimam namena ga zamenjati, dokler deluje (I don’t plan to replace it as long as it works)",Poškodbe (Damage),Obdržal_a ga bom kot rezervni telefon (Keep it as a backup phone),"Poškodba (Damage - screen, water, etc.)",Obdržal_a kot rezervni telefon (Kept it as a backup phone),
2025/11/05 9:32:40 dop. GMT +1,21,Fakulteta za računalništvo in informatiko (Faculty of Computer and Information Science) UL,,,,,,,"Računalništvo in matematika, univerzitetni interdisciplinarni program (Computer Science and Mathematics, university interdisciplinary program)",3. letnik (3rd year),Samsung,,A54,400–600 € (€400–600),Lani (2024) (Last year - 2024),"Nimam namena ga zamenjati, dokler deluje (I don’t plan to replace it as long as it works)",nimam,Ne vem še (Not sure yet),Pokvaril se je (It broke down),Obdržal_a kot rezervni telefon (Kept it as a backup phone),
2025/11/05 10:15:17 dop. GMT +1,22,Fakulteta za matematiko in fiziko (Faculty of Mathematics and Physics) UL,,,,,Univerzitetni študijski program FIZIKA (University Study Program PHYSICS),2. letnik (2nd year),,,Apple,,Iphone 15,Nad 800 € (Over €800),Lani (2024) (Last year - 2024),"Nimam namena ga zamenjati, dokler deluje (I don’t plan to replace it as long as it works)",Počasno delovanje / zastarelost (Slow or outdated performance),Obdržal_a ga bom kot rezervni telefon (Keep it as a backup phone),Pokvaril se je (It broke down),Obdržal_a kot rezervni telefon (Kept it as a backup phone),
2025/11/05 11:39:11 dop. GMT +1,22,"Fakulteta za elektrotehniko, računalništvo in informatiko (Faculty of Electrical Engineering and Computer Science) UM",,,Informatika in podatkovne tehnologije Mag (Computer Science and Data Technologies),2. letnik podiplomski (2nd year postgraduate),,,,,Samsung,,S10+,Ne vem / prejel_a sem ga kot darilo (I don’t know / received it as a gift),Pred 3 leti (2022) (3 years ago - 2022),"Nimam namena ga zamenjati, dokler deluje (I don’t plan to replace it as long as it works)","nimam, dokler ne bo nehal delat",Ne vem še (Not sure yet),"postal je zelo počasen, dobil sem dobro ponudbo za novejši rabljeni telefon",Obdržal_a kot rezervni telefon (Kept it as a backup phone),"Starejše telefone, ki niso v celoti nehali delat, ohranim za uporabo kot npr. mp3 predvajalnik, bralnik, itd. "
2025/11/05 11:45:00 dop. GMT +1,23,Fakulteta za računalništvo in informatiko (Faculty of Computer and Information Science) UL,,,,,,,"Računalništvo in informatika, magistrski program (Computer Science and Informatics, master’s program)",3. letnik (3rd year),Samsung,,S22 Plus,600–800 € (€600–800),Pred 3 leti (2022) (3 years ago - 2022),V naslednjem letu (In the next year),Slaba baterija (Poor battery performance),Obdržal_a ga bom kot rezervni telefon (Keep it as a backup phone),Slaba baterija (Poor battery performance),Obdržal_a kot rezervni telefon (Kept it as a backup phone),
2025/11/05 12:03:01 pop. GMT +1,25,Fakulteta za matematiko in fiziko (Faculty of Mathematics and Physics) UL,,,,,Interdisciplinarni magistrski študijski program RAČUNALNIŠTVO IN MATEMATIKA (Interdisciplinary Master’s Study Program COMPUTER SCIENCE AND MATHEMATICS),Dodatno leto podiplomski,,,Google,,Pixel 9a,200–400 € (€200–400),Letos (2025) (This year - 2025),"Nimam namena ga zamenjati, dokler deluje (I don’t plan to replace it as long as it works)",Ne nameravam,Obdržal_a ga bom kot rezervni telefon (Keep it as a backup phone),"Poškodba (Damage - screen, water, etc.)",Obdržal_a kot rezervni telefon (Kept it as a backup phone),"Zamenjal bom baterijo in telefon naprej uporabljal, če se le da."
2025/11/05 12:41:09 pop. GMT +1,18,Fakulteta za elektrotehniko (Faculty of Electrical Engineering) UL,"Elektrotehnika Uni (Electrical Engineering, University)",1. letnik (1st year),,,,,,,Xiaomi,,14T,400–600 € (€400–600),Lani (2024) (Last year - 2024),"Nimam namena ga zamenjati, dokler deluje (I don’t plan to replace it as long as it works)",Poškodbe (Damage),Ne vem še (Not sure yet),Pokvaril se je (It broke down),Obdržal_a kot rezervni telefon (Kept it as a backup phone),
2025/11/05 12:52:29 pop. GMT +1,25,Fakulteta za računalništvo in informatiko (Faculty of Computer and Information Science) UL,,,,,,,"Računalništvo in informatika, magistrski program (Computer Science and Informatics, master’s program)",2. letnik podiplomski (2nd year postgraduate),Google,,Pixel 6,400–600 € (€400–600),Pred 3 leti (2022) (3 years ago - 2022),"Nimam namena ga zamenjati, dokler deluje (I don’t plan to replace it as long as it works)",Poškodbe (Damage),Obdržal_a ga bom kot rezervni telefon (Keep it as a backup phone),Slaba baterija (Poor battery performance),Obdržal_a kot rezervni telefon (Kept it as a backup phone),
2025/11/05 1:08:09 pop. GMT +1,26+,Fakulteta za elektrotehniko (Faculty of Electrical Engineering) UL,"Elektrotehnika Mag (Electrical Engineering, Master’s)",2. letnik podiplomski (2nd year postgraduate),,,,,,,Drugo (Other),Sony,10 V ,200–400 € (€200–400),Pred 2 leti (2023) (2 years ago - 2023),"Nimam namena ga zamenjati, dokler deluje (I don’t plan to replace it as long as it works)",Počasno delovanje / zastarelost (Slow or outdated performance),Obdržal_a ga bom kot rezervni telefon (Keep it as a backup phone),Pokvaril se je (It broke down),Obdržal_a kot rezervni telefon (Kept it as a backup phone),Zamenjal bom baterijo in uporabljal dokler bo programsko podprt in deloval
2025/11/05 1:55:28 pop. GMT +1,21,Fakulteta za matematiko in fiziko (Faculty of Mathematics and Physics) UL,,,,,Univerzitetni študijski program MATEMATIKA (University Study Program MATHEMATICS),2. letnik (2nd year),,,Apple,,iphone 11,200–400 € (€200–400),Pred 3 leti (2022) (3 years ago - 2022),"Nimam namena ga zamenjati, dokler deluje (I don’t plan to replace it as long as it works)",Počasno delovanje / zastarelost (Slow or outdated performance),Obdržal_a ga bom kot rezervni telefon (Keep it as a backup phone),Želel_a sem novejši model (Wanted a newer model),Obdržal_a kot rezervni telefon (Kept it as a backup phone),
2025/11/05 2:22:56 pop. GMT +1,22,Fakulteta za računalništvo in informatiko (Faculty of Computer and Information Science) UL,,,,,,,"Računalništvo in informatika, univerzitetni program (Computer Science and Informatics, university program)",3. letnik (3rd year),Samsung,,A55,Ne vem / prejel_a sem ga kot darilo (I don’t know / received it as a gift),Lani (2024) (Last year - 2024),"Nimam namena ga zamenjati, dokler deluje (I don’t plan to replace it as long as it works)",Želim novejši model (I want a newer model),Obdržal_a ga bom kot rezervni telefon (Keep it as a backup phone),Slaba baterija (Poor battery performance),Obdržal_a kot rezervni telefon (Kept it as a backup phone),
2025/11/05 2:37:32 pop. GMT +1,23,"Fakulteta za elektrotehniko, računalništvo in informatiko (Faculty of Electrical Engineering and Computer Science) UM",,,Računalništvo in informacijske tehnologije Mag (Computer and Information Technologies),2. letnik podiplomski (2nd year postgraduate),,,,,Google,,Google pixel 9a,400–600 € (€400–600),Letos (2025) (This year - 2025),Čez 3 leta (In 3 years),"Odvisno od situacije, ampak po 3 letih je ponavadi nekaj",Ne vem še (Not sure yet),Slaba baterija (Poor battery performance),Obdržal_a kot rezervni telefon (Kept it as a backup phone),
2025/11/05 3:03:40 pop. GMT +1,23,Fakulteta za matematiko in fiziko (Faculty of Mathematics and Physics) UL,,,,,Magistrski študijski program MATEMATIKA (Master’s Study Program MATHEMATICS),2. letnik podiplomski (2nd year postgraduate),,,Xiaomi,,redmi 5g,200–400 € (€200–400),Lani (2024) (Last year - 2024),"Nimam namena ga zamenjati, dokler deluje (I don’t plan to replace it as long as it works)",/,Ne vem še (Not sure yet),Pokvaril se je (It broke down),na polico,
2025/11/05 3:22:11 pop. GMT +1,22,Fakulteta za elektrotehniko (Faculty of Electrical Engineering) UL,"Elektrotehnika Uni (Electrical Engineering, University)",3. letnik (3rd year),,,,,,,Samsung,,Galaxy S10,Ne vem / prejel_a sem ga kot darilo (I don’t know / received it as a gift),Pred 4 leti (2021) (4 years ago - 2021),"Nimam namena ga zamenjati, dokler deluje (I don’t plan to replace it as long as it works)",Slaba baterija (Poor battery performance),Obdržal_a ga bom kot rezervni telefon (Keep it as a backup phone),Slaba baterija (Poor battery performance),Podaril_a (Gave it away),
2025/11/05 5:01:13 pop. GMT +1,22,Fakulteta za matematiko in fiziko (Faculty of Mathematics and Physics) UL,,,,,Visokošolski strokovni študijski program APLIKATIVNA FIZIKA (prej Fizikalna merilna tehnika) (Higher Professional Study Program APPLIED PHYSICS (formerly Physical Measurement Technology)),1. letnik (1st year),,,Samsung,,S33 5G,200–400 € (€200–400),Pred 3 leti (2022) (3 years ago - 2022),"Nimam namena ga zamenjati, dokler deluje (I don’t plan to replace it as long as it works)",Ker ne deluje več.,Obdržal_a ga bom kot rezervni telefon (Keep it as a backup phone),"Poškodba (Damage - screen, water, etc.)",Obdržal_a kot rezervni telefon (Kept it as a backup phone),
2025/11/05 5:05:22 pop. GMT +1,23,Fakulteta za računalništvo in informatiko (Faculty of Computer and Information Science) UL,,,,,,,"Računalništvo in informatika, visokošolski program (Computer Science and Informatics, higher professional program)",3. letnik (3rd year),Samsung,,S21 FE ,600–800 € (€600–800),Pred 3 leti (2022) (3 years ago - 2022),"Nimam namena ga zamenjati, dokler deluje (I don’t plan to replace it as long as it works)",As long as it works its fine,Obdržal_a ga bom kot rezervni telefon (Keep it as a backup phone),Želel_a sem novejši model (Wanted a newer model),Obdržal_a kot rezervni telefon (Kept it as a backup phone),
2025/11/05 6:44:00 pop. GMT +1,24,"Fakulteta za elektrotehniko, računalništvo in informatiko (Faculty of Electrical Engineering and Computer Science) UM",,,Telekomunikacije Mag (Telecommunications),2. letnik podiplomski (2nd year postgraduate),,,,,Apple,,12 pro,Nad 800 € (Over €800),Pred 4 leti (2021) (4 years ago - 2021),V naslednjem letu (In the next year),Slaba baterija (Poor battery performance),Ne vem še (Not sure yet),"Poškodba (Damage - screen, water, etc.)",Obdržal_a kot rezervni telefon (Kept it as a backup phone),
2025/11/05 6:55:29 pop. GMT +1,20,Fakulteta za elektrotehniko (Faculty of Electrical Engineering) UL,"Elektrotehnika Uni (Electrical Engineering, University)",2. letnik (2nd year),,,,,,,Xiaomi,,redmi note 11,Do 200 € (Up to €200),Pred 3 leti (2022) (3 years ago - 2022),"Nimam namena ga zamenjati, dokler deluje (I don’t plan to replace it as long as it works)",Boljša kamera,Obdržal_a ga bom kot rezervni telefon (Keep it as a backup phone),Slaba baterija (Poor battery performance),Obdržal_a kot rezervni telefon (Kept it as a backup phone),
2025/11/05 7:08:42 pop. GMT +1,22,Fakulteta za matematiko in fiziko (Faculty of Mathematics and Physics) UL,,,,,Interdisciplinarni magistrski študijski program RAČUNALNIŠTVO IN MATEMATIKA (Interdisciplinary Master’s Study Program COMPUTER SCIENCE AND MATHEMATICS),1. letnik podiplomski (1st year postgraduate),,,Samsung,,note 10 lite,400–600 € (€400–600),Pred 5 leti (2020) (5 years ago - 2020),"Nimam namena ga zamenjati, dokler deluje (I don’t plan to replace it as long as it works)",karkol se bo najprej pokvarlo,Ne vem še (Not sure yet),premajhen pomnilnik je oteževal normalno delovanje,zaenkrat je v moji sobi brez posebne vloge,
2025/11/05 7:24:58 pop. GMT +1,22,Fakulteta za matematiko in fiziko (Faculty of Mathematics and Physics) UL,,,,,Univerzitetni študijski program FIZIKA (University Study Program PHYSICS),3. letnik (3rd year),,,Drugo (Other),Oppo,A74,200–400 € (€200–400),Pred 3 leti (2022) (3 years ago - 2022),V naslednjem letu (In the next year),Poškodbe (Damage),Ne vem še (Not sure yet),"Poškodba (Damage - screen, water, etc.)",Obdržal_a kot rezervni telefon (Kept it as a backup phone),
2025/11/05 7:50:21 pop. GMT +1,21,Fakulteta za računalništvo in informatiko (Faculty of Computer and Information Science) UL,,,,,,,"Računalništvo in informatika, visokošolski program (Computer Science and Informatics, higher professional program)",2. letnik (2nd year),Samsung,,Samsung S23,400–600 € (€400–600),Lani (2024) (Last year - 2024),"Nimam namena ga zamenjati, dokler deluje (I don’t plan to replace it as long as it works)",Počasno delovanje / zastarelost (Slow or outdated performance),Obdržal_a ga bom kot rezervni telefon (Keep it as a backup phone),Počasno delovanje,Obdržal_a kot rezervni telefon (Kept it as a backup phone),
2025/11/05 7:56:18 pop. GMT +1,20,Fakulteta za računalništvo in informatiko (Faculty of Computer and Information Science) UL,,,,,,,"Računalništvo in informatika, univerzitetni program (Computer Science and Informatics, university program)",1. letnik (1st year),Samsung,,A54,Ne vem / prejel_a sem ga kot darilo (I don’t know / received it as a gift),Pred 2 leti (2023) (2 years ago - 2023),Čez 2 leti (In 2 years),Slaba baterija (Poor battery performance),Obdržal_a ga bom kot rezervni telefon (Keep it as a backup phone),"Poškodba (Damage - screen, water, etc.)",Oddal_a v reciklažo (Recycled it),
2025/11/05 8:38:35 pop. GMT +1,20,Fakulteta za matematiko in fiziko (Faculty of Mathematics and Physics) UL,,,,,Univerzitetni študijski program MATEMATIKA (University Study Program MATHEMATICS),1. letnik (1st year),,,Samsung,,S21 FE 5G,Ne vem / prejel_a sem ga kot darilo (I don’t know / received it as a gift),Pred 2 leti (2023) (2 years ago - 2023),Čez 3 leta (In 3 years),Počasno delovanje / zastarelost (Slow or outdated performance),Obdržal_a ga bom kot rezervni telefon (Keep it as a backup phone),Slaba baterija (Poor battery performance),Obdržal_a kot rezervni telefon (Kept it as a backup phone),
2025/11/05 9:58:15 pop. GMT +1,21,Fakulteta za matematiko in fiziko (Faculty of Mathematics and Physics) UL,,,,,Univerzitetni študijski program FIZIKA (University Study Program PHYSICS),3. letnik (3rd year),,,Xiaomi,,11T,200–400 € (€200–400),Pred 3 leti (2022) (3 years ago - 2022),"Nimam namena ga zamenjati, dokler deluje (I don’t plan to replace it as long as it works)",Počasno delovanje / zastarelost (Slow or outdated performance),Ne vem še (Not sure yet),premalo prostora,Obdržal_a kot rezervni telefon (Kept it as a backup phone),zamenjal bom baterijo in telefon še naprej uporabljal
2025/11/06 8:06:14 dop. GMT +1,22,Fakulteta za elektrotehniko (Faculty of Electrical Engineering) UL,"Elektrotehnika Uni (Electrical Engineering, University)",2. letnik (2nd year),,,,,,,Google,,pixel 6a,Do 200 € (Up to €200),Pred 2 leti (2023) (2 years ago - 2023),"Nimam namena ga zamenjati, dokler deluje (I don’t plan to replace it as long as it works)",Poškodbe (Damage),Obdržal_a ga bom kot rezervni telefon (Keep it as a backup phone),Pokvaril se je (It broke down),obderzal_a kot brik,
2025/11/06 11:35:42 dop. GMT +1,20,Fakulteta za računalništvo in informatiko (Faculty of Computer and Information Science) UL,,,,,,,"Računalništvo in informatika, univerzitetni program (Computer Science and Informatics, university program)",2. letnik (2nd year),Samsung,,A25,200–400 € (€200–400),Letos (2025) (This year - 2025),"Nimam namena ga zamenjati, dokler deluje (I don’t plan to replace it as long as it works)",Počasno delovanje / zastarelost (Slow or outdated performance),Ne vem še (Not sure yet),"Poškodba (Damage - screen, water, etc.)",Obdržal_a kot rezervni telefon (Kept it as a backup phone),
2025/11/06 2:16:59 pop. GMT +1,24,"Fakulteta za elektrotehniko, računalništvo in informatiko (Faculty of Electrical Engineering and Computer Science) UM",,,Računalništvo in informacijske tehnologije Mag (Computer and Information Technologies),2. letnik podiplomski (2nd year postgraduate),,,,,Samsung,,A56,400–600 € (€400–600),Letos (2025) (This year - 2025),Čez 4 leta (In 4 years),Počasno delovanje / zastarelost (Slow or outdated performance),Obdržal_a ga bom kot rezervni telefon (Keep it as a backup phone),Želel_a sem novejši model (Wanted a newer model),Obdržal_a kot rezervni telefon (Kept it as a backup phone),
2025/11/06 6:48:45 pop. GMT +1,21,Fakulteta za matematiko in fiziko (Faculty of Mathematics and Physics) UL,,,,,Univerzitetni študijski program MATEMATIKA (University Study Program MATHEMATICS),3. letnik (3rd year),,,Samsung,,Galaxy S24,600–800 € (€600–800),Lani (2024) (Last year - 2024),"Nimam namena ga zamenjati, dokler deluje (I don’t plan to replace it as long as it works)",Slaba baterija (Poor battery performance),Obdržal_a ga bom kot rezervni telefon (Keep it as a backup phone),"Poškodba (Damage - screen, water, etc.)",Obdržal_a kot rezervni telefon (Kept it as a backup phone),
2025/11/06 9:42:47 pop. GMT +1,23,Fakulteta za matematiko in fiziko (Faculty of Mathematics and Physics) UL,,,,,Magistrski študijski program MATEMATIKA (Master’s Study Program MATHEMATICS),2. letnik podiplomski (2nd year postgraduate),,,Drugo (Other),Realme,Realme 7 Pro,Ne vem / prejel_a sem ga kot darilo (I don’t know / received it as a gift),Pred 5 leti (2020) (5 years ago - 2020),"Nimam namena ga zamenjati, dokler deluje (I don’t plan to replace it as long as it works)",Počasno delovanje / zastarelost (Slow or outdated performance),Podaril_a družinskemu članu / prijatelju (Give it to a family member/friend),Kot nagrado na tekmovanju sem dobil novega in starega predal druzinskemu clanu.,Podaril_a (Gave it away),
2025/11/07 12:27:10 dop. GMT +1,25,Fakulteta za računalništvo in informatiko (Faculty of Computer and Information Science) UL,,,,,,,"Računalništvo in informatika, magistrski program (Computer Science and Informatics, master’s program)",2. letnik podiplomski (2nd year postgraduate),Apple,,iPhone 13 Pro,Nad 800 € (Over €800),Pred 4 leti (2021) (4 years ago - 2021),V naslednjem letu (In the next year),"Slaba baterija, poškodbe, želim novejši model",Obdržal_a ga bom kot rezervni telefon (Keep it as a backup phone),Želel_a sem novejši model (Wanted a newer model),Prodal_a (Sold it),
2025/11/07 10:21:10 dop. GMT +1,26+,Fakulteta za računalništvo in informatiko (Faculty of Computer and Information Science) UL,,,,,,,"Multimedija, interdisciplinarni magistrski program (Multimedia, interdisciplinary master’s program)",2. letnik podiplomski (2nd year postgraduate),Apple,,iPhone 16 Pro Max,Nad 800 € (Over €800),Lani (2024) (Last year - 2024),V naslednjem letu (In the next year),Počasno delovanje / zastarelost (Slow or outdated performance),Podaril_a družinskemu članu / prijatelju (Give it to a family member/friend),Slaba baterija (Poor battery performance),Podaril_a (Gave it away),
2025/11/07 7:41:56 pop. GMT +1,20,Fakulteta za računalništvo in informatiko (Faculty of Computer and Information Science) UL,,,,,,,"Računalništvo in informatika, univerzitetni program (Computer Science and Informatics, university program)",2. letnik (2nd year),Samsung,,Galaxy S 22+,600–800 € (€600–800),Lani (2024) (Last year - 2024),"Nimam namena ga zamenjati, dokler deluje (I don’t plan to replace it as long as it works)",Poškodbe (Damage),Ne vem še (Not sure yet),Slaba baterija (Poor battery performance),Obdržal_a kot rezervni telefon (Kept it as a backup phone),
2025/11/08 11:37:06 dop. GMT +1,21,Fakulteta za računalništvo in informatiko (Faculty of Computer and Information Science) UL,,,,,,,"Računalništvo in informatika, univerzitetni program (Computer Science and Informatics, university program)",3. letnik (3rd year),Samsung,,Galaxy A53 5G,200–400 € (€200–400),Pred 3 leti (2022) (3 years ago - 2022),"Nimam namena ga zamenjati, dokler deluje (I don’t plan to replace it as long as it works)",Slaba baterija (Poor battery performance),Obdržal_a ga bom kot rezervni telefon (Keep it as a backup phone),Slaba baterija (Poor battery performance),Obdržal_a kot rezervni telefon (Kept it as a backup phone),
2025/11/08 12:50:20 pop. GMT +1,21,Fakulteta za elektrotehniko (Faculty of Electrical Engineering) UL,"Elektrotehnika Uni (Electrical Engineering, University)",3. letnik (3rd year),,,,,,,Apple,,IPhone 14,Nad 800 € (Over €800),Pred 2 leti (2023) (2 years ago - 2023),"Nimam namena ga zamenjati, dokler deluje (I don’t plan to replace it as long as it works)",Slaba baterija (Poor battery performance),Ne vem še (Not sure yet),Slaba baterija (Poor battery performance),Obdržal_a kot rezervni telefon (Kept it as a backup phone),
2025/11/08 2:25:06 pop. GMT +1,21,Fakulteta za matematiko in fiziko (Faculty of Mathematics and Physics) UL,,,,,Univerzitetni študijski program FIZIKA (University Study Program PHYSICS),2. letnik (2nd year),,,Google,,Pixel,600–800 € (€600–800),Pred 3 leti (2022) (3 years ago - 2022),"Nimam namena ga zamenjati, dokler deluje (I don’t plan to replace it as long as it works)",Poškodbe (Damage),Ne vem še (Not sure yet),Pokvaril se je (It broke down),Obdržal_a kot rezervni telefon (Kept it as a backup phone),
2025/11/08 5:03:30 pop. GMT +1,23,Fakulteta za računalništvo in informatiko (Faculty of Computer and Information Science) UL,,,,,,,"Računalništvo in informatika, visokošolski program (Computer Science and Informatics, higher professional program)",3. letnik (3rd year),Samsung,,s23,400–600 € (€400–600),Letos (2025) (This year - 2025),"Nimam namena ga zamenjati, dokler deluje (I don’t plan to replace it as long as it works)",Slaba baterija (Poor battery performance),Podaril_a družinskemu članu / prijatelju (Give it to a family member/friend),Želel_a sem novejši model (Wanted a newer model),Podaril_a (Gave it away),i will replace battery and continue to use it
2025/11/08 10:58:36 pop. GMT +1,22,Fakulteta za matematiko in fiziko (Faculty of Mathematics and Physics) UL,,,,,Visokošolski strokovni študijski program APLIKATIVNA FIZIKA (prej Fizikalna merilna tehnika) (Higher Professional Study Program APPLIED PHYSICS (formerly Physical Measurement Technology)),3. letnik (3rd year),,,Apple,,iphone 14,400–600 € (€400–600),Lani (2024) (Last year - 2024),"Nimam namena ga zamenjati, dokler deluje (I don’t plan to replace it as long as it works)",Počasno delovanje / zastarelost (Slow or outdated performance),Ne vem še (Not sure yet),Želel_a sem novejši model (Wanted a newer model),Obdržal_a kot rezervni telefon (Kept it as a backup phone),
2025/11/09 4:16:12 pop. GMT +1,22,Fakulteta za matematiko in fiziko (Faculty of Mathematics and Physics) UL,,,,,Univerzitetni študijski program MATEMATIKA (University Study Program MATHEMATICS),Absolvent:),,,Apple,,iPhone 8,200–400 € (€200–400),Pred več kot 5 leti (More than 5 years ago),"Nimam namena ga zamenjati, dokler deluje (I don’t plan to replace it as long as it works)",Ker mnoge aplikcije ne delujejo več na iOS 16,Obdržal_a ga bom kot rezervni telefon (Keep it as a backup phone),Počasno delovanje,Obdržal_a kot rezervni telefon (Kept it as a backup phone),
2025/11/09 5:42:05 pop. GMT +1,20,Fakulteta za elektrotehniko (Faculty of Electrical Engineering) UL,"Elektrotehnika Uni (Electrical Engineering, University)",2. letnik (2nd year),,,,,,,Apple,,13 ,600–800 € (€600–800),Pred 3 leti (2022) (3 years ago - 2022),"Nimam namena ga zamenjati, dokler deluje (I don’t plan to replace it as long as it works)",Slaba baterija (Poor battery performance),Obdržal_a ga bom kot rezervni telefon (Keep it as a backup phone),Želel_a sem novejši model (Wanted a newer model),Obdržal_a kot rezervni telefon (Kept it as a backup phone),
2025/11/10 12:50:43 dop. GMT +1,24,Fakulteta za elektrotehniko (Faculty of Electrical Engineering) UL,"Elektrotehnika Mag (Electrical Engineering, Master’s)",2. letnik podiplomski (2nd year postgraduate),,,,,,,Samsung,,S23U,Nad 800 € (Over €800),Pred 2 leti (2023) (2 years ago - 2023),"Nimam namena ga zamenjati, dokler deluje (I don’t plan to replace it as long as it works)",Poškodbe (Damage),Podaril_a družinskemu članu / prijatelju (Give it to a family member/friend),Slaba baterija (Poor battery performance),Obdržal_a kot rezervni telefon (Kept it as a backup phone),
2025/11/10 12:32:28 pop. GMT +1,22,Fakulteta za elektrotehniko (Faculty of Electrical Engineering) UL,"Elektrotehnika Uni (Electrical Engineering, University)",3. letnik (3rd year),,,,,,,Samsung,,A40,400–600 € (€400–600),Pred 2 leti (2023) (2 years ago - 2023),"Nimam namena ga zamenjati, dokler deluje (I don’t plan to replace it as long as it works)",Ne,Ja ja js recikliram,Pokvaril se je (It broke down),Ja ja js sevedno recikliram,
2025/11/10 1:26:19 pop. GMT +1,24,Fakulteta za elektrotehniko (Faculty of Electrical Engineering) UL,"Elektrotehnika Mag (Electrical Engineering, Master’s)",2. letnik podiplomski (2nd year postgraduate),,,,,,,Samsung,,S21 FE,400–600 € (€400–600),Pred 4 leti (2021) (4 years ago - 2021),"Nimam namena ga zamenjati, dokler deluje (I don’t plan to replace it as long as it works)",Počasno delovanje / zastarelost (Slow or outdated performance),Obdržal_a ga bom kot rezervni telefon (Keep it as a backup phone),Slaba baterija (Poor battery performance),Obdržal_a kot rezervni telefon (Kept it as a backup phone),Do zdaj sem vedno 1x menjal baterijo in ko se izrabi drugič menjal cel telefon
2025/11/10 4:07:12 pop. GMT +1,23,Fakulteta za elektrotehniko (Faculty of Electrical Engineering) UL,"Elektrotehnika Mag (Electrical Engineering, Master’s)",1. letnik podiplomski (1st year postgraduate),,,,,,,Xiaomi,,Redmi Note 10 Pro,200–400 € (€200–400),Pred 4 leti (2021) (4 years ago - 2021),"Nimam namena ga zamenjati, dokler deluje (I don’t plan to replace it as long as it works)",Počasno delovanje / zastarelost (Slow or outdated performance),Ne vem še (Not sure yet),"Poškodba (Damage - screen, water, etc.)",Obdržal_a kot rezervni telefon (Kept it as a backup phone),Skrbite za svoje telefone pa si raj kupte kej lepga;)
2025/11/10 5:05:10 pop. GMT +1,23,Fakulteta za elektrotehniko (Faculty of Electrical Engineering) UL,"Elektrotehnika Mag (Electrical Engineering, Master’s)",1. letnik podiplomski (1st year postgraduate),,,,,,,Xiaomi,,redmi 10,Do 200 € (Up to €200),Pred 3 leti (2022) (3 years ago - 2022),"Nimam namena ga zamenjati, dokler deluje (I don’t plan to replace it as long as it works)",Poškodbe (Damage),Nanj bom naložil custom linux ROM za in ga vključil v domač cluster,Slaba baterija (Poor battery performance),Deluje kot nadzorna IP kamera v domačem omrežju,
2025/11/10 5:36:10 pop. GMT +1,24,Fakulteta za elektrotehniko (Faculty of Electrical Engineering) UL,"Elektrotehnika Mag (Electrical Engineering, Master’s)",2. letnik podiplomski (2nd year postgraduate),,,,,,,Samsung,,Galaxy S24,600–800 € (€600–800),Lani (2024) (Last year - 2024),"Nimam namena ga zamenjati, dokler deluje (I don’t plan to replace it as long as it works)",Ko aplikacija spletne banke ne bo več podpirala Android verzije mojega telefona,"Sam ga bom razstavil, ker me zanima kako je sestavljen (elektronske komponente)",Aplikacija spletne banke ni bila več podporala Android verzije telefona,Obdržal_a kot rezervni telefon (Kept it as a backup phone),Baterijo/zaslon menjam sam če je potrebno
2025/11/11 3:26:14 pop. GMT +1,23,Fakulteta za matematiko in fiziko (Faculty of Mathematics and Physics) UL,,,,,Interdisciplinarni magistrski študijski program RAČUNALNIŠTVO IN MATEMATIKA (Interdisciplinary Master’s Study Program COMPUTER SCIENCE AND MATHEMATICS),2. letnik (2nd year),,,Oneplus,,6,Ne vem / prejel_a sem ga kot darilo (I don’t know / received it as a gift),Pred več kot 5 leti (More than 5 years ago),"Nimam namena ga zamenjati, dokler deluje (I don’t plan to replace it as long as it works)",Počasno delovanje / zastarelost (Slow or outdated performance),Ne vem še (Not sure yet),Ker sem dobil zastonj novega kot darilo,Obdržal_a kot rezervni telefon (Kept it as a backup phone),
2025/11/11 6:35:06 pop. GMT +1,19,Fakulteta za matematiko in fiziko (Faculty of Mathematics and Physics) UL,,,,,Univerzitetni študijski program MATEMATIKA (University Study Program MATHEMATICS),1. letnik (1st year),,,Samsung,,Samsung Galaxy A25 5G,Do 200 € (Up to €200),Lani (2024) (Last year - 2024),"Nimam namena ga zamenjati, dokler deluje (I don’t plan to replace it as long as it works)",Izguba tega telefona,Obdržal_a ga bom kot rezervni telefon (Keep it as a backup phone),Izgubila sem ga,Ne vem (I don’t know),
2025/11/12 6:30:49 pop. GMT +1,21,Fakulteta za matematiko in fiziko (Faculty of Mathematics and Physics) UL,,,,,Univerzitetni študijski program MATEMATIKA (University Study Program MATHEMATICS),3. letnik (3rd year),,,Samsung,,S21 FE ,Ne vem / prejel_a sem ga kot darilo (I don’t know / received it as a gift),Pred 3 leti (2022) (3 years ago - 2022),"Nimam namena ga zamenjati, dokler deluje (I don’t plan to replace it as long as it works)",Počasno delovanje / zastarelost (Slow or outdated performance),Ne vem še (Not sure yet),Novga sm dubu,Obdržal_a kot rezervni telefon (Kept it as a backup phone),ce se dovolj poskoduje ga prolly zamenam
2025/11/13 4:25:49 pop. GMT +1,21,Fakulteta za elektrotehniko (Faculty of Electrical Engineering) UL,"Elektrotehnika Uni (Electrical Engineering, University)",3. letnik (3rd year),,,,,,,Samsung,,A51,200–400 € (€200–400),Pred 4 leti (2021) (4 years ago - 2021),V naslednjem letu (In the next year),Poškodbe (Damage),Obdržal_a ga bom kot rezervni telefon (Keep it as a backup phone),Dolgo časa sploh nisem imel mobitela,Zadnjega predtem sem izgubil,
2025/11/17 7:53:16 pop. GMT +1,26+,Fakulteta za računalništvo in informatiko (Faculty of Computer and Information Science) UL,,,,,,,"Multimedija, interdisciplinarni magistrski program (Multimedia, interdisciplinary master’s program)",2. letnik podiplomski (2nd year postgraduate),Apple,,iPhone 16 Pro Max,Nad 800 € (Over €800),Letos (2025) (This year - 2025),Čez več kot 5 let (In more than 5 years),Želim novejši model (I want a newer model),Podaril_a družinskemu članu / prijatelju (Give it to a family member/friend),"Poškodba (Damage - screen, water, etc.)",Obdržal_a kot rezervni telefon (Kept it as a backup phone),I looooooooooveeeeeeeee iPhone 16 Pro Max
2025/11/17 8:45:22 pop. GMT +1,25,Fakulteta za računalništvo in informatiko (Faculty of Computer and Information Science) UL,,,,,,,,,Samsung,,A52s 5g,200–400 € (€200–400),Pred 3 leti (2022) (3 years ago - 2022),"Nimam namena ga zamenjati, dokler deluje (I don’t plan to replace it as long as it works)",Neha delat in ga ne morem popravit,Ne vem še (Not sure yet),Pokvaril se je (It broke down),"Obdrzal, ne kot rezervo",
2025/11/17 10:26:39 pop. GMT +1,21,Fakulteta za matematiko in fiziko (Faculty of Mathematics and Physics) UL,,,,,Univerzitetni študijski program MATEMATIKA (University Study Program MATHEMATICS),3. letnik (3rd year),,,Samsung,,Galaxy A52,200–400 € (€200–400),Pred 4 leti (2021) (4 years ago - 2021),"Nimam namena ga zamenjati, dokler deluje (I don’t plan to replace it as long as it works)",Če se pokvari.,Ne vem še (Not sure yet),Pokvaril se je (It broke down),Obdržal_a kot rezervni telefon (Kept it as a backup phone),
2025/11/26 8:42:10 dop. GMT +1,22,Fakulteta za računalništvo in informatiko (Faculty of Computer and Information Science) UL,,,,,,,"Računalništvo in informatika, magistrski program (Computer Science and Informatics, master’s program)",1. letnik podiplomski (1st year postgraduate),Samsung,,A56,200–400 € (€200–400),Letos (2025) (This year - 2025),Čez 3 leta (In 3 years),Počasno delovanje / zastarelost (Slow or outdated performance),Obdržal_a ga bom kot rezervni telefon (Keep it as a backup phone),Pokvaril se je (It broke down),Oddal_a v reciklažo (Recycled it),
